sex,age,current ,former,never,0,1,2,3,4,5,6,7,8,9,10,11,12,13,14,15,16,17,18,19,20,21+
male,0,0,0,1,,,,,,,,,,,,,,,,,,,,,,
male,1,0,0,1,,,,,,,,,,,,,,,,,,,,,,
male,2,0,0,1,,,,,,,,,,,,,,,,,,,,,,
male,3,0,0,1,,,,,,,,,,,,,,,,,,,,,,
male,4,0,0,1,,,,,,,,,,,,,,,,,,,,,,
male,5,0,0,1,,,,,,,,,,,,,,,,,,,,,,
male,6,0,0,1,,,,,,,,,,,,,,,,,,,,,,
male,7,0,0,1,,,,,,,,,,,,,,,,,,,,,,
male,8,0,0,1,,,,,,,,,,,,,,,,,,,,,,
male,9,0,0,1,,,,,,,,,,,,,,,,,,,,,,
male,10,0,0,1,,,,,,,,,,,,,,,,,,,,,,
male,11,0,0,1,,,,,,,,,,,,,,,,,,,,,,
male,12,0,0,1,,,,,,,,,,,,,,,,,,,,,,
male,13,0,0,1,,,,,,,,,,,,,,,,,,,,,,
male,14,0,0,1,,,,,,,,,,,,,,,,,,,,,,
male,15,0,0,1,0,0,0,0,0,0,0,0,0,0,0,0,0,0,0,0,0,0,0,0,0,1
male,16,0,0,1,0,0,0,0,0,0,0,0,0,0,0,0,0,0,0,0,0,0,0,0,0,1
male,17,0,0,1,0,0,0,0,0,0,0,0,0,0,0,0,0,0,0,0,0,0,0,0,0,1
male,18,0,0,1,0,0,0,0,0,0,0,0,0,0,0,0,0,0,0,0,0,0,0,0,0,1
male,19,0,0,1,0,0,0,0,0,0,0,0,0,0,0,0,0,0,0,0,0,0,0,0,0,1
male,20,0.226253678798047,0,0.773746321201953,0,0,0,0,0,0,0,0,0,0,0,0,0,0,0,0,0,0,0,0,0,1
male,21,0.225095732505646,0.006051725878669,0.768852541615686,1,0,0,0,0,0,0,0,0,0,0,0,0,0,0,0,0,0,0,0,0,0
male,22,0.223622059196732,0.016659551265921,0.759718389537348,0.49074724617711,0.50925275382289,0,0,0,0,0,0,0,0,0,0,0,0,0,0,0,0,0,0,0,0
male,23,0.22186182283931,0.027564651148944,0.750573526011746,0.321073828521587,0.333181149010599,0.345745022467814,0,0,0,0,0,0,0,0,0,0,0,0,0,0,0,0,0,0,0
male,24,0.219842268617654,0.038738761945059,0.741418969437288,0.236295205111134,0.245205622355262,0.254452041065977,0.264047131467628,0,0,0,0,0,0,0,0,0,0,0,0,0,0,0,0,0,0
male,25,0.211356787248137,0.049719736109456,0.738923476642408,0.185474454869903,0.192468480754774,0.199726243217884,0.20725768745873,0.215073133698709,0,0,0,0,0,0,0,0,0,0,0,0,0,0,0,0,0
male,26,0.212443308861563,0.154658220058003,0.632898471080434,0.151632593566031,0.157350482237734,0.163283985838214,0.169441234955557,0.175830666772865,0.182461036629599,0,0,0,0,0,0,0,0,0,0,0,0,0,0,0,0
male,27,0.21091756413492,0.153547481551104,0.635534954313976,0.12749290467719,0.132300513768561,0.137289412204888,0.142466436196431,0.147838679738983,0.153413504334666,0.15919854907928,0,0,0,0,0,0,0,0,0,0,0,0,0,0,0
male,28,0.209523630228409,0.15253270100558,0.637943668766011,0.109417022114595,0.113543010706672,0.117824585527775,0.122267613553566,0.126878182996538,0.13166261164859,0.136627455538202,0.141779517914062,0,0,0,0,0,0,0,0,0,0,0,0,0,0
male,29,0.208652966241341,0.1518988597082,0.639448174050459,0.095383624471021,0.098980429966479,0.102712866812118,0.106586049508339,0.110605285417405,0.114776082036031,0.119104154542227,0.123595433626715,0.128256073619664,0,0,0,0,0,0,0,0,0,0,0,0,0
male,30,0.205996694957365,0.195707358099684,0.598295946942951,0.084179912725965,0.087354239287564,0.090648266010322,0.09406650664804,0.097613645162922,0.101294542143937,0.10511424146721,0.109077977207562,0.11319118081069,0.117459488535786,0,0,0,0,0,0,0,0,0,0,0,0
male,31,0.208534919635705,0.198186522957476,0.593278557406819,0.084153827688852,0.087356727372948,0.090650847918512,0.094069185916983,0.097616425463979,0.101297427286912,0.105117235405569,0.109081084043854,0.113194404802164,0.117462834100226,0,0,0,0,0,0,0,0,0,0,0,0
male,32,0.210449718454689,0.200083681611893,0.589466599933418,0.084126008928712,0.087329838609455,0.090656833852835,0.094075397573925,0.097622871355277,0.101304116245271,0.105124176596764,0.109088286979292,0.113201879351916,0.117470590506554,0,0,0,0,0,0,0,0,0,0,0,0
male,33,0.212306533562093,0.201933822122624,0.585759644315283,0.084097748447803,0.0873022530079,0.090630002536322,0.094085937080742,0.097633808294633,0.101315465603885,0.105135953926486,0.109100508418415,0.113214561647288,0.117483751036527,0,0,0,0,0,0,0,0,0,0,0,9.99999982820299E-09
male,34,0.213695042659946,0.203344661078176,0.582960296261878,0.084070104749763,0.087275205884407,0.090603548159305,0.094060088977286,0.097650033482837,0.101332302625057,0.105153425852135,0.109118639190051,0.113233376109226,0.117503274969934,0,0,0,0,0,0,0,0,0,0,0,0
male,35,0.195238357525872,0.219613992410475,0.585147650063653,0.084042690118207,0.087249733823184,0.090578794369624,0.094035882579701,0.097626321025421,0.101355590674726,0.105177592067061,0.109143716684823,0.113259399247148,0.117530279410106,0,0,0,0,0,0,0,0,0,0,0,0
male,36,0.193260226734585,0.215705894486315,0.5910338787791,0.103624093086683,0.085357765175453,0.088617429978609,0.09200135352403,0.095515436347489,0.099165258483447,0.102958228576913,0.106840663579795,0.11086950068924,0.11505026055834,0,0,0,0,0,0,0,0,0,0,0,9.99999971718069E-09
male,37,0.190680029913914,0.211175058054312,0.598144912031774,0.100442832488426,0.105321299558039,0.086758858398146,0.09007441421515,0.093516595879719,0.097091200880734,0.100805831694925,0.104666522442781,0.108613375219665,0.112709059222415,0,0,0,0,0,0,0,0,0,0,0,9.99999993922529E-09
male,38,0.188686416340614,0.20734193888326,0.603971644776126,0.097424203943977,0.102159170545961,0.107124616117139,0.088247406139618,0.091622185614484,0.095126086294089,0.098766565402436,0.102549935157672,0.10648225443353,0.110497576351095,0,0,0,0,0,0,0,0,0,0,0,0
male,39,0.187075256856964,0.203968457243894,0.608956285899142,0.094556828313942,0.099155969815541,0.103978719139888,0.109036218890095,0.089825208904296,0.093262620929772,0.096833557437549,0.10054375518362,0.104399693639742,0.108407417745555,0,0,0,0,0,0,0,0,0,0,0,9.99999993922529E-09
male,40,0.177184314011979,0.216590943982086,0.606224742005934,0.083489698912337,0.087555559113876,0.091817331401223,0.096286432453943,0.100973069312938,0.083185481103116,0.0863725019304,0.089683526714769,0.093123572444778,0.096698688495028,0,0,0,0,0,0,0,0,0,0.090814128117593,0,9.99999993922529E-09
male,41,0.177028795984257,0.216456088965226,0.606515115050518,0.074346118629682,0.077976474335508,0.081776475530201,0.085759853557485,0.089937130928598,0.094317739602214,0.077705496191578,0.080685935711469,0.083782339734152,0.086999156402883,0,0,0,0,0,0,0,0,0,0.081760802593306,0.084952476782925,0
male,42,0.178435365300665,0.218241525089319,0.603323109610016,0.066674923757741,0.069936149227686,0.073353468484313,0.076930607249209,0.080680622730743,0.084613284072535,0.088737819750654,0.073110900825616,0.075918008862624,0.078834142390733,0,0,0,0,0,0,0,0,0,0.074138250590982,0.077032365293498,0.080039456763667
male,43,0.179574640890434,0.21970895550908,0.600716403600486,0.06015372655725,0.063101122867914,0.06618931421467,0.069425679975918,0.072813535103753,0.076365356266896,0.080090692843747,0.083997571547051,0.069207389664306,0.071866909026577,0,0,0,0,0,0,0,0,0,0.067632858050182,0.070273023515321,0.148882820366415
male,44,0.181009132765766,0.221553305757256,0.597437561476978,0.054546172211623,0.05722544631425,0.06003075000786,0.062970319351863,0.066051269457393,0.069276569496008,0.072658594048185,0.076205710141131,0.079925242872911,0.06585338136067,0,0,0,0,0,0,0,0,0,0.062016719065609,0.064437648842328,0.20880217683017
male,45,0.172106995547907,0.241631334507805,0.586261669944288,0.049677825014719,0.052123974777182,0.05468506001282,0.057367122742748,0.060177794038229,0.06312396199926,0.066208695660549,0.069443323105446,0.072835466570969,0.076391860823559,0,0,0,0,0,0,0,0,0,0.057120848280399,0.059350659282287,0.261493407691834
male,46,0.171931739414445,0.241500131446979,0.586568129138577,0.046171029439454,0.048451244992653,0.050837396826448,0.053336017132265,0.055953147719357,0.058696003615797,0.061572540283911,0.064583558131595,0.067740641606409,0.071050832899321,0,0,0,0,0,0,0,0,0,0.053535851923378,0.055625716398572,0.312446019030841
male,47,0.171268823301242,0.240693957671545,0.588037219027213,0.042970335199297,0.045098202504887,0.047325252574768,0.049656331711467,0.052097619489835,0.054655159696527,0.057336926087896,0.06014954948551,0.063092610451472,0.066177944530076,0,0,0,0,0,0,0,0,0,0.050251232206171,0.052212875875776,0.358975960186318
male,48,0.169913304346266,0.238922610703598,0.591164084950136,0.040040980201823,0.042029263623061,0.044110187786535,0.046288275421064,0.0485686403845,0.050957137423888,0.053460956032403,0.056086491391498,0.058840049733361,0.061720019297134,0,0,0,0,0,0,0,0,0,0.047233868416802,0.049077724077707,0.401586406210224
male,49,0.169571133202721,0.238592074274239,0.591836792523041,0.037351686731626,0.039213101190646,0.041159840495203,0.043197395789621,0.045330248791928,0.047563765169117,0.04990464962631,0.052358893503261,0.054932341795624,0.057630902948798,0,0,0,0,0,0,0,0,0,0.044455311941951,0.046190701850271,0.440711160165644
male,50,0.160181609565503,0.273653668865503,0.566164721568994,0.034879907009375,0.036623801542393,0.038448251318087,0.040356608710696,0.042354096215567,0.044445157939124,0.046636559095311,0.04893354912449,0.051341936391711,0.053866957362944,0,0,0,0,0,0,0,0,0,0.04185578922593,0.043526663337562,0.476730722726811
male,51,0.160983713194371,0.275218405158997,0.563797881646632,0.023594631481811,0.024779395485776,0.026017792093927,0.027313420474475,0.028668825314676,0.030087606120993,0.031574298078775,0.033132159032602,0.034765184530055,0.036477361981818,0,0,0,0,0,0,0,0,0,0.028553003968684,0.029693034075032,0.645343287361378
male,52,0.161882592847916,0.276971757972523,0.561145649179561,0.023433668121485,0.024615351485297,0.025850488277136,0.027141910488201,0.028493041730884,0.029906700904806,0.031387981123686,0.032940258503492,0.034566618847767,0.036271444579634,0,0,0,0,0,0,0,0,0,0.028603055986382,0.029746288628784,0.647043191322446
male,53,0.163551092415244,0.280069586915191,0.556379320669565,0.023269760212595,0.024448564634977,0.025680477639603,0.026968183172901,0.028314935134087,0.029723980896263,0.031199989048464,0.032746669237887,0.034367571440254,0.036065527980565,0,0,0,0,0,0,0,0,0,0.028653868959563,0.029800338920053,0.648760132722787
male,54,0.164748815375773,0.282390740866731,0.552860443757497,0.02310278788997,0.024278930396535,0.025507878256776,0.026792224198017,0.028134803120965,0.029539303615804,0.031010490873005,0.032551783129511,0.034166945961439,0.035859689732983,0,0,0,0,0,0,0,0,0,0.028705887590967,0.02985564756008,0.65049362767395
male,55,0.149200333163511,0.325541511791833,0.525258155044657,0.019515482390171,0.02051438014192,0.021557912085063,0.022648298354434,0.023787861617028,0.024979148437304,0.026227243669097,0.027534635714476,0.028904499932975,0.030340071281336,0,0,0,0,0,0,0,0,0,0.027404093205762,0.025403049424166,0.701183323746268
male,56,0.143594827374247,0.331054596485381,0.525350576140372,0.024469715341586,0.020220440237251,0.021254621642473,0.022334981242114,0.023463850649743,0.024643656583058,0.025878660885073,0.027172973092993,0.028528853362067,0.029949678595178,0,0,0,0,0,0,0,0,0,0.027075219106079,0.028298942444862,0.696708406817522
male,57,0.138449595788486,0.33701318770521,0.524537216506304,0.023798787756628,0.02535793553014,0.020955259022733,0.022026232663185,0.023144994256989,0.024313991083998,0.025537487236104,0.026818290432654,0.028161104814069,0.029567895997982,0,0,0,0,0,0,0,0,0,0.026757249577761,0.027967806688624,0.695592964939135
male,58,0.133370999337467,0.34254543888358,0.524083561778953,0.023142710472016,0.024666274328735,0.026283718661453,0.021721176652405,0.022830512295311,0.023989314074035,0.025202027939157,0.026471329928853,0.027800234969037,0.02919406041578,0,0,0,0,0,0,0,0,0,0.026449833719273,0.027647674030328,0.694601132513619
male,59,0.127964001191518,0.346561148135006,0.525474850673476,0.022500249873115,0.023989007309832,0.025570113577264,0.027248338901293,0.022519249621574,0.023668568970385,0.024871145188848,0.02612971670972,0.02744718180726,0.02882673533048,0,0,0,0,0,0,0,0,0,0.026152446958509,0.027338193901387,0.693739051850334
male,60,0.110882767256362,0.387776108073589,0.501341124670049,0.019509058580161,0.020807501003633,0.022186339189206,0.023650317811638,0.025203938216802,0.020830494599174,0.021894922318202,0.023008699040202,0.024174503364335,0.025395104954111,0,0,0,0,0,0,0,0,0,0.023071941705386,0.024121052742146,0.726146126475005
male,61,0.109973990453287,0.385208640322911,0.504817369223802,0.018973439255378,0.020242459570754,0.021592232676166,0.023025228217425,0.024546305589597,0.026160228913673,0.021623190754665,0.022729666153291,0.023887617557004,0.025099950664175,0,0,0,0,0,0,0,0,0,0.022841902974898,0.023881647933494,0.725396129739479
male,62,0.108343436008497,0.380164691329469,0.511491872662034,0.018443269280691,0.019685452838006,0.021004674953536,0.022407878841912,0.023897236829907,0.025477725221955,0.027156439643791,0.022449339665502,0.023600075003032,0.024804680751264,0,0,0,0,0,0,0,0,0,0.022617840724041,0.0236486506016,0.724806735644764
male,63,0.107223602850837,0.376969806146213,0.51580659100295,0.017917321951511,0.019133250119146,0.020425013155264,0.021796443827789,0.023255238027371,0.024803225273561,0.026447706256084,0.02819440273059,0.023310716347147,0.024508264077545,0,0,0,0,0,0,0,0,0,0.022399173456495,0.023421985031303,0.724387259746195
male,64,0.105936400375456,0.373244997212752,0.520818602411792,0.017394952272326,0.018584890227773,0.019849859955678,0.021193193502853,0.022618919712676,0.024135551275691,0.025746892633677,0.027458584137534,0.02927695157369,0.024209978259334,0,0,0,0,0,0,0,0,0,0.022184866561161,0.023201081776712,0.724144278110895
male,65,0.095552898954242,0.421190336415323,0.483256764630435,0.016088302213362,0.017198816432946,0.01837964105468,0.019634297388298,0.020966163122533,0.022379274312122,0.023885017167607,0.025484757564994,0.027184312667885,0.028990356263188,0,0,0,0,0,0,0,0,0,0.020945799204335,0.021911774858253,0.736951487749798
male,66,0.096956615941011,0.428327800289418,0.474715583769571,0.014918845522223,0.015945152236672,0.017050648130818,0.018225520745565,0.01947324328185,0.020797245377971,0.022202105562914,0.023701494913441,0.025294711698602,0.026987834738116,0.023268066312499,0,0,0,0,0,0,0,0,0.02071192407123,0.021673333885552,0.729749873522546
male,67,0.097258951500059,0.430729176835491,0.47201187166445,0.013835895619074,0.014796786889895,0.015819290220135,0.016920833120735,0.018090904814346,0.0193329338029,0.020650943343402,0.022049234306816,0.023544513705256,0.025133872162366,0.021680154528475,0.022867840822563,0,0,0,0,0,0,0,0.020495038193522,0.021453052818238,0.723328705652277
male,68,0.097243175789312,0.431847953459879,0.47090887075081,0.012831149471279,0.013731480920395,0.014690250169968,0.015709882169176,0.016808496802369,0.017974873220996,0.01921295465976,0.020526504512459,0.021920070950645,0.02341372965088,0.020207519929176,0.021325302476285,0.022497348153595,0,0,0,0,0,0,0.0202931850993,0.0212487147029,0.717608537110818
male,69,0.098636988172685,0.439397060600415,0.461965951226901,0.011896750838942,0.012741304894212,0.013641023011386,0.014598494992263,0.015616153488209,0.016712826786322,0.017877142553515,0.019112672818093,0.020423462112121,0.021814326885306,0.018838766357428,0.019892173255118,0.02099652415389,0.022154645689942,0,0,0,0,0,0.020104689326608,0.021058402384281,0.712520640452366
male,70,0.076574729502789,0.461281724601534,0.462143545895677,0.010460361940764,0.011212923963554,0.012014814383883,0.012868518208441,0.013776431241654,0.014740869207625,0.015780940703493,0.016884814063409,0.018056065792119,0.019298822676475,0.016666844204003,0.017610076070635,0.018598694272542,0.019635382335251,0.020722456908324,0,0,0,0,0.018914391016991,0.019814261426765,0.722943331584073
male,71,0.074683717415965,0.451471314472013,0.473844968112022,0.009697205273392,0.010392773835389,0.011146771313404,0.011949691525229,0.012803948010225,0.013711876795521,0.014677667742979,0.015718260905562,0.016822529558161,0.017994282944368,0.015551299562761,0.016432913231929,0.017366974689913,0.018346202594417,0.019373081082628,0.020449550293157,0,0,0,0.018766686682342,0.019666762950871,0.719131521007753
male,72,0.074463986276316,0.451934848861687,0.473601164861998,0.00897900426747,0.009633482506064,0.010329992044382,0.011085603834855,0.011889763547456,0.012744814308983,0.013654963209056,0.014622801693247,0.015664746766131,0.016770500563894,0.014505410912501,0.015339192050207,0.016213641702607,0.017139632959476,0.018110442016378,0.019128300656844,0.020197410898093,0,0,0.018625888075528,0.019527276610633,0.715837131376197
male,73,0.074512803212816,0.454291900122192,0.471195296664992,0.00832989675845,0.008948522253987,0.009606491430166,0.010306434909,0.011066390121442,0.011874710270408,0.012735677411488,0.0136517807463,0.014625773115042,0.015673596482106,0.013569073669834,0.014361210919761,0.015191784772834,0.016063021964866,0.016984951624333,0.017951374166872,0.018966952434467,0.020033403661886,0,0.018553394955466,0.019460340795896,0.712045217535398
male,74,0.073036502545558,0.447619542134626,0.479343955319816,0.007660991106154,0.008242266142746,0.00886013195122,0.009517145357789,0.010215807957928,0.010975008229559,0.011784142217492,0.012645673797103,0.013562154683776,0.014536532472456,0.012597633169719,0.0133458030562,0.014130163196416,0.014952704438334,0.015815537407563,0.016727742212327,0.017686517173295,0.018693831619554,0.019751565900959,0.018357059307436,0.019264546431642,0.710677042170333
male,75,0.055145221356554,0.496682357273739,0.448172421369707,0.00685631203274,0.007389432341248,0.007955644249906,0.008557462692609,0.009197280459743,0.009877415252267,0.010619184148817,0.011409502796167,0.012250797883602,0.013145675754469,0.011393883718499,0.012083489725165,0.012806376251147,0.013564352940445,0.014359210552961,0.015192917584848,0.016076223329842,0.017004550881305,0.017979779650628,0.0273716163608,0.018036429904613,0.726872461488182
male,76,0.054772532580892,0.496260475994658,0.44896699142445,0.006522962485912,0.007026206158592,0.007578108379973,0.008164349056,0.008787427761173,0.009449723906067,0.010155353073945,0.010926099377636,0.011747121483341,0.012621006474599,0.010951866192413,0.011615631706796,0.012324201683607,0.013067082554882,0.013846006941299,0.014662688598923,0.015521709762516,0.016431479332346,0.017387642490791,0.026490349557499,0.028592616215123,0.726130366806566
male,77,0.053814781823009,0.490817525516883,0.455367692660108,0.006193504177602,0.006684343772585,0.007205016839858,0.007776567070785,0.008383767423175,0.009029102642968,0.009716899228291,0.010449593293624,0.011251224520959,0.012105065650828,0.010517835115887,0.011168707030101,0.011850092175888,0.012578826670359,0.013342820967906,0.014143712584571,0.014985966930967,0.015872068296665,0.016810158763291,0.025631960719395,0.027687295343278,0.736615470781019
male,78,0.052716133191072,0.484322566958031,0.462961299850896,0.005868184630807,0.00634701030588,0.006854898056254,0.007393893336743,0.007986065898926,0.008615272198191,0.009286075840007,0.010001037744899,0.010762599343175,0.011597312234265,0.010091244464302,0.010730115170198,0.011398814478022,0.012098900126691,0.012848959052579,0.013635116455231,0.014461926304965,0.015331584965651,0.016246864998948,0.024795462095144,0.026806395412116,0.746842266887008
male,79,0.051904875837704,0.480692791342124,0.467402332820172,0.005547022426578,0.006013947529644,0.006509448586073,0.007035275352994,0.007593553982215,0.008207399435396,0.008861972108087,0.009559956996347,0.010303937327324,0.011096378687291,0.009670885520848,0.010298513095685,0.010955402557869,0.011642982009502,0.012362779288292,0.013135216117224,0.013947691520932,0.014802273097735,0.01570151554721,0.023978749850123,0.02594728415142,0.756827814811212
male,80,0.039532191981089,0.515348485600409,0.445119322418502,0.004932897302478,0.005362100929633,0.005817930556653,0.006301845968488,0.006815622653744,0.007361346711574,0.007964070529186,0.008607039702917,0.009292810068993,0.010023841680519,0.008730446809018,0.009312456489243,0.009921659629736,0.010559224316567,0.011226537806685,0.011924960392684,0.012678830854809,0.013471829685104,0.014306253282028,0.021870756651809,0.023681975008378,0.779835562969755
male,81,0.039229340755863,0.511513609767318,0.44925704947682,0.004690744048126,0.005054224184962,0.005498482430746,0.005970430205354,0.006471652968351,0.007004057231819,0.007570656213489,0.008198507904963,0.008868575963673,0.009583432600971,0.008360925401376,0.008912025421434,0.00951118769524,0.01013826477936,0.010794461325765,0.01148116044019,0.012205920993942,0.012986837589181,0.013808594791801,0.021134805264138,0.022909553764371,0.788845498780748
male,82,0.039176033529345,0.510701359043678,0.450122607426977,0.004453529035227,0.004806905200051,0.005181563337125,0.005641567038804,0.006130378434612,0.006649714352115,0.007202514105045,0.007791154948737,0.008445679673557,0.009144538354206,0.007992769160251,0.008534357631451,0.009101182354721,0.009718077270814,0.010363614547168,0.011039012303219,0.011752377568992,0.012505738164548,0.013315916034238,0.020407756079679,0.022148069205121,0.79767358520032
male,83,0.039063047407506,0.508957076326591,0.451979876265904,0.004220011806305,0.00456408465399,0.004928529351096,0.005314848535311,0.005791295528728,0.006297724062928,0.006836935844545,0.007411254594853,0.008023196550989,0.008706058432115,0.007624983828997,0.008157119329546,0.00871431755796,0.009297285483897,0.009932361147222,0.010596805633621,0.011299067785061,0.012041401926683,0.012826128145196,0.019686472818233,0.021394185809738,0.806335931172988
male,84,0.038926539857565,0.506900846587718,0.454172613554717,0.003988808786643,0.004324825650908,0.00467980756478,0.005055795025481,0.005454277909508,0.005947896422344,0.006473726269806,0.007033910582355,0.007631002049613,0.008267641619539,0.007257156563822,0.00777981100982,0.008327416482267,0.008900556035309,0.009499975553227,0.010153559758941,0.010844964956847,0.011576457260617,0.012350621349322,0.018969021986991,0.020645820017542,0.81483694714432
male,85,0.025251332269403,0.524164479802725,0.450584187927872,0.003307372310527,0.003597210962339,0.003902239067218,0.004224620978388,0.004566070603817,0.004927887803723,0.005378958378222,0.005859675640554,0.006372152510807,0.006918847351106,0.006064025377304,0.006515586971749,0.006989095595727,0.007484954246336,0.008003653918425,0.008545923335704,0.009144927014961,0.009779366432283,0.010451580751596,0.016079809250604,0.017511640925572,0.844374400573038
male,86,0.024773000949284,0.521660131905855,0.453566867144861,0.003199864968539,0.003493639788256,0.003801593993048,0.004126020773405,0.004469048757871,0.004832358496148,0.005219034521196,0.005702149817972,0.006217299941657,0.006766948923328,0.005944079369943,0.00637736638364,0.006856786241774,0.007359234279574,0.00788504432216,0.008434756033398,0.009018546843562,0.009663129885962,0.010347058518168,0.015948666061915,0.017398852250916,0.846938519827569
male,87,0.024106885613269,0.51624524504636,0.459647869340371,0.003083434935697,0.003381117225156,0.003692922252692,0.004020297213838,0.004365529036154,0.004730705012482,0.00511938983436,0.005533072329272,0.006050984527775,0.006603623607425,0.005814717844027,0.006252728072047,0.00671334911307,0.007222392733861,0.007755462904459,0.008312891040792,0.008905524484316,0.009536168432787,0.010232165028053,0.015803529417161,0.01727293930015,0.849597055654427
male,88,0.023474043966413,0.512389695079729,0.464136260953858,0.002959198956322,0.003259677148232,0.003575327296469,0.003906481612499,0.004254709851671,0.004622290388898,0.005013370570914,0.005429683088236,0.005872771938567,0.006428572497884,0.005675856050767,0.006118408127897,0.006584359972275,0.007074162660103,0.007614523930341,0.008179837834438,0.008781648547065,0.009422822932323,0.010107147503488,0.015644491619539,0.017134004902877,0.852340652569196
male,89,0.02275913547008,0.507263128115124,0.469977736414795,0.002828864406015,0.003130124315318,0.003448620141936,0.003783555139911,0.004135488417993,0.004506123474357,0.004900041543831,0.005319372428681,0.005765801077751,0.006240958095241,0.005527003532104,0.005974048944056,0.006445015243788,0.006940844177694,0.007461566619303,0.008034790911619,0.008645963114526,0.009298020678916,0.009994987841638,0.01547146795848,0.016981691943416,0.855165649993428
male,90,0.021510440192434,0.490066199238784,0.488423360568782,0.002375772795127,0.002639867443787,0.002921596925304,0.003219481673959,0.003533067710994,0.003863067633715,0.004213356053983,0.004586065747296,0.004983005112102,0.005405620096965,0.004732682404162,0.005131074267763,0.005550589886222,0.005992748116972,0.006457891192375,0.006945684021842,0.007492886982855,0.008077612068236,0.008703644842118,0.013503946708036,0.014821425169556,0.87484891314663
male,91,0.020771960517862,0.483843927852854,0.495384111629284,0.002254738281337,0.00251460886576,0.002795086384549,0.003094002710034,0.00341009773341,0.003743191269847,0.004096704016503,0.004472583162424,0.004872940233729,0.005299473755206,0.004650271386281,0.004983147734374,0.005407016070204,0.005853741240795,0.006324440299066,0.006818842918817,0.007348840776681,0.007943275120552,0.008580842825868,0.013346991328497,0.014683240320439,0.877505923565628
male,92,0.020034772048958,0.477005704578359,0.502959523372683,0.00213303694202,0.002386736998812,0.002663461399873,0.002961531062901,0.00327889596516,0.003614538892946,0.003971283946128,0.004350579527387,0.004754542419104,0.005185206466024,0.004561687415318,0.004899499260617,0.005253298267063,0.005704818016897,0.006180868750092,0.006681844468095,0.007220330882217,0.007799019972904,0.008448417331725,0.013176837564236,0.014532459199625,0.880241105250859
male,93,0.019343173828445,0.471316592775741,0.509340233395814,0.002007379714945,0.002256560258464,0.002527449615119,0.002822197348887,0.003139062617083,0.003476129005626,0.003835587990204,0.004218199960344,0.004625759058985,0.005060502223423,0.004464760880208,0.004807984959145,0.005167232020657,0.005543710908003,0.006025197580322,0.006532681039794,0.007080075535952,0.007669574341845,0.008305857570947,0.012992690661271,0.014368232626488,0.883073174082292
male,94,0.01854829075275,0.463488328703669,0.517963380543582,0.001876415084571,0.002120997303176,0.002387168870401,0.002676339923518,0.002990231886278,0.003327039094528,0.003688163086181,0.004073553731086,0.004484439562689,0.004922941122907,0.004357181175461,0.004705974027568,0.005071125666132,0.005453475702863,0.005854524517182,0.006368405497321,0.006925092403203,0.007526549450981,0.00817657622514,0.01279408882224,0.014190049079442,0.886029667767132
male,95,0.017626816138734,0.452936959085342,0.529436224775924,0.001561809867938,0.001776613521524,0.002010822427842,0.00226586819624,0.002542780237505,0.002842673791611,0.003166894665717,0.003514464394536,0.003885763425242,0.004282341269401,0.003803479720322,0.00412129821892,0.004454518386151,0.0048033609852,0.005168936638913,0.005552832406277,0.006060651230399,0.006612338208705,0.007210093248631,0.011320693180514,0.012556080117589,0.900485685860823
male,96,0.016695007505613,0.44255698495871,0.540748007535677,0.001436810709514,0.001646054511301,0.001874872434827,0.002124781551775,0.002397097884113,0.002692587370824,0.003015067097377,0.003363354284047,0.003736786871858,0.004136248147909,0.003688114716263,0.004010543149982,0.004349241499613,0.004704297852886,0.005076141105139,0.005466343277368,0.005883111267537,0.00644599854527,0.007059765470589,0.011130778815475,0.012387572081667,0.903374431354665
male,97,0.01573758011781,0.431906337493386,0.552356082388804,0.001312551726276,0.001515563006841,0.001738409138955,0.001982600055189,0.002249739037916,0.002541014914826,0.002860203257553,0.003208077724514,0.003583532281553,0.003986340192568,0.003570180037732,0.003897718060194,0.004242273457429,0.004604160344733,0.004983520468702,0.005381204059676,0.005806348265132,0.006261904218139,0.006891700599219,0.010920520739585,0.012204051821551,0.906258386591719
male,98,0.014668373323683,0.418140060447927,0.56719156622839,0.001190987678024,0.001387155149072,0.001603481068919,0.001841488595311,0.002102814938653,0.002389162048408,0.002705007616227,0.00305119941308,0.003428073461999,0.003834737867886,0.003451715516476,0.003785265360031,0.004136512301765,0.004505984481308,0.004893903423325,0.005300707353729,0.005735586004207,0.006202483210705,0.00670444844318,0.010682973692561,0.01199897490721,0.909067337467923
male,99,0.013638161802495,0.405194589116884,0.581167249080621,0.001074260858244,0.001263107391226,0.001472523284573,0.001704030286191,0.001959313456747,0.002240157332072,0.002551921538321,0.002896282149955,0.003273788620862,0.003684438301203,0.003335360378621,0.003676324699221,0.004035674697935,0.004414100470575,0.004811928676822,0.005229493135979,0.005676258683294,0.006156121057142,0.006673710670166,0.010416439756332,0.011764931093475,0.911689833461045
male,100,0.005311476675269,0.37834363580394,0.616344887520791,0.000844178741535,0.001002897760566,0.00118001682867,0.001376927014497,0.001595136392498,0.001836286410774,0.002105282361914,0.002404613293367,0.002735600304252,0.003098511991643,0.002822497892742,0.003129024207379,0.003452534522653,0.003793509687865,0.004152315867243,0.004529184483663,0.004932871936461,0.005366749909662,0.005835368774022,0.009136260251686,0.010111491483241,0.924558739883668
male,101,0.005311476675269,0.37834363580394,0.616344887520791,0.000844178741535,0.001002897760566,0.00118001682867,0.001376927014497,0.001595136392498,0.001836286410774,0.002105282361914,0.002404613293367,0.002735600304252,0.003098511991643,0.002822497892742,0.003129024207379,0.003452534522653,0.003793509687865,0.004152315867243,0.004529184483663,0.004932871936461,0.005366749909662,0.005835368774022,0.009136260251686,0.010111491483241,0.924558739883668
male,102,0.005311476675269,0.37834363580394,0.616344887520791,0.000844178741535,0.001002897760566,0.00118001682867,0.001376927014497,0.001595136392498,0.001836286410774,0.002105282361914,0.002404613293367,0.002735600304252,0.003098511991643,0.002822497892742,0.003129024207379,0.003452534522653,0.003793509687865,0.004152315867243,0.004529184483663,0.004932871936461,0.005366749909662,0.005835368774022,0.009136260251686,0.010111491483241,0.924558739883668
male,103,0.005311476675269,0.37834363580394,0.616344887520791,0.000844178741535,0.001002897760566,0.00118001682867,0.001376927014497,0.001595136392498,0.001836286410774,0.002105282361914,0.002404613293367,0.002735600304252,0.003098511991643,0.002822497892742,0.003129024207379,0.003452534522653,0.003793509687865,0.004152315867243,0.004529184483663,0.004932871936461,0.005366749909662,0.005835368774022,0.009136260251686,0.010111491483241,0.924558739883668
male,104,0.005311476675269,0.37834363580394,0.616344887520791,0.000844178741535,0.001002897760566,0.00118001682867,0.001376927014497,0.001595136392498,0.001836286410774,0.002105282361914,0.002404613293367,0.002735600304252,0.003098511991643,0.002822497892742,0.003129024207379,0.003452534522653,0.003793509687865,0.004152315867243,0.004529184483663,0.004932871936461,0.005366749909662,0.005835368774022,0.009136260251686,0.010111491483241,0.924558739883668
male,105,0.005311476675269,0.37834363580394,0.616344887520791,0.000844178741535,0.001002897760566,0.00118001682867,0.001376927014497,0.001595136392498,0.001836286410774,0.002105282361914,0.002404613293367,0.002735600304252,0.003098511991643,0.002822497892742,0.003129024207379,0.003452534522653,0.003793509687865,0.004152315867243,0.004529184483663,0.004932871936461,0.005366749909662,0.005835368774022,0.009136260251686,0.010111491483241,0.924558739883668
male,106,0.005311476675269,0.37834363580394,0.616344887520791,0.000844178741535,0.001002897760566,0.00118001682867,0.001376927014497,0.001595136392498,0.001836286410774,0.002105282361914,0.002404613293367,0.002735600304252,0.003098511991643,0.002822497892742,0.003129024207379,0.003452534522653,0.003793509687865,0.004152315867243,0.004529184483663,0.004932871936461,0.005366749909662,0.005835368774022,0.009136260251686,0.010111491483241,0.924558739883668
male,107,0.005311476675269,0.37834363580394,0.616344887520791,0.000844178741535,0.001002897760566,0.00118001682867,0.001376927014497,0.001595136392498,0.001836286410774,0.002105282361914,0.002404613293367,0.002735600304252,0.003098511991643,0.002822497892742,0.003129024207379,0.003452534522653,0.003793509687865,0.004152315867243,0.004529184483663,0.004932871936461,0.005366749909662,0.005835368774022,0.009136260251686,0.010111491483241,0.924558739883668
male,108,0.005311476675269,0.37834363580394,0.616344887520791,0.000844178741535,0.001002897760566,0.00118001682867,0.001376927014497,0.001595136392498,0.001836286410774,0.002105282361914,0.002404613293367,0.002735600304252,0.003098511991643,0.002822497892742,0.003129024207379,0.003452534522653,0.003793509687865,0.004152315867243,0.004529184483663,0.004932871936461,0.005366749909662,0.005835368774022,0.009136260251686,0.010111491483241,0.924558739883668
male,109,0.005311476675269,0.37834363580394,0.616344887520791,0.000844178741535,0.001002897760566,0.00118001682867,0.001376927014497,0.001595136392498,0.001836286410774,0.002105282361914,0.002404613293367,0.002735600304252,0.003098511991643,0.002822497892742,0.003129024207379,0.003452534522653,0.003793509687865,0.004152315867243,0.004529184483663,0.004932871936461,0.005366749909662,0.005835368774022,0.009136260251686,0.010111491483241,0.924558739883668
male,110,0.005311476675269,0.37834363580394,0.616344887520791,0.000844178741535,0.001002897760566,0.00118001682867,0.001376927014497,0.001595136392498,0.001836286410774,0.002105282361914,0.002404613293367,0.002735600304252,0.003098511991643,0.002822497892742,0.003129024207379,0.003452534522653,0.003793509687865,0.004152315867243,0.004529184483663,0.004932871936461,0.005366749909662,0.005835368774022,0.009136260251686,0.010111491483241,0.924558739883668
female,0,0,0,1,,,,,,,,,,,,,,,,,,,,,,
female,1,0,0,1,,,,,,,,,,,,,,,,,,,,,,
female,2,0,0,1,,,,,,,,,,,,,,,,,,,,,,
female,3,0,0,1,,,,,,,,,,,,,,,,,,,,,,
female,4,0,0,1,,,,,,,,,,,,,,,,,,,,,,
female,5,0,0,1,,,,,,,,,,,,,,,,,,,,,,
female,6,0,0,1,,,,,,,,,,,,,,,,,,,,,,
female,7,0,0,1,,,,,,,,,,,,,,,,,,,,,,
female,8,0,0,1,,,,,,,,,,,,,,,,,,,,,,
female,9,0,0,1,,,,,,,,,,,,,,,,,,,,,,
female,10,0,0,1,,,,,,,,,,,,,,,,,,,,,,
female,11,0,0,1,,,,,,,,,,,,,,,,,,,,,,
female,12,0,0,1,,,,,,,,,,,,,,,,,,,,,,
female,13,0,0,1,,,,,,,,,,,,,,,,,,,,,,
female,14,0,0,1,,,,,,,,,,,,,,,,,,,,,,
female,15,0,0,1,0,0,0,0,0,0,0,0,0,0,0,0,0,0,0,0,0,0,0,0,0,1
female,16,0,0,1,0,0,0,0,0,0,0,0,0,0,0,0,0,0,0,0,0,0,0,0,0,1
female,17,0,0,1,0,0,0,0,0,0,0,0,0,0,0,0,0,0,0,0,0,0,0,0,0,1
female,18,0,0,1,0,0,0,0,0,0,0,0,0,0,0,0,0,0,0,0,0,0,0,0,0,1
female,19,0,0,1,0,0,0,0,0,0,0,0,0,0,0,0,0,0,0,0,0,0,0,0,0,1
female,20,0.192415956871098,0,0.807584043128901,0,0,0,0,0,0,0,0,0,0,0,0,0,0,0,0,0,0,0,0,0,1
female,21,0.185980649824056,0.007875864676681,0.806143485499263,1,0,0,0,0,0,0,0,0,0,0,0,0,0,0,0,0,0,0,0,0,0
female,22,0.178032005181567,0.019056944326583,0.80291105049185,0.488039401075771,0.511960598924229,0,0,0,0,0,0,0,0,0,0,0,0,0,0,0,0,0,0,0,0
female,23,0.174993110938355,0.030731072263185,0.794275816798461,0.317516045933637,0.333079060186372,0.349404893879991,0,0,0,0,0,0,0,0,0,0,0,0,0,0,0,0,0,0,0
female,24,0.170927788830853,0.042440076045558,0.786632135123589,0.232351890064665,0.243740592535097,0.255687511011107,0.268220006389132,0,0,0,0,0,0,0,0,0,0,0,0,0,0,0,0,0,0
female,25,0.160617035645546,0.052919790780779,0.786463173573675,0.181331289036179,0.190219222329247,0.199542796700266,0.20932336504901,0.219583326885298,0,0,0,0,0,0,0,0,0,0,0,0,0,0,0,0,0
female,26,0.160617035645546,0.173646595733343,0.665736368621111,0.147382331931111,0.154606260805952,0.16218426976424,0.170133714002525,0.17847279938042,0.187220624115751,0,0,0,0,0,0,0,0,0,0,0,0,0,0,0,0
female,27,0.160617035645546,0.173646595733343,0.665736368621111,0.123188460451502,0.129226529362766,0.135560553561104,0.142205039262532,0.149175203703658,0.156487009992276,0.164157203666163,0,0,0,0,0,0,0,0,0,0,0,0,0,0,0
female,28,0.160617035645546,0.173646595733343,0.665736368621111,0.105091373729488,0.110242415915033,0.115645935869739,0.121314308763837,0.127260516335177,0.133498176620064,0.140041575141368,0.146905697625294,0,0,0,0,0,0,0,0,0,0,0,0,0,0
female,29,0.160617035645546,0.173646595733343,0.665736368621111,0.091058663294966,0.095521893713849,0.100203888883402,0.105115371533945,0.110267589969249,0.115672343827468,0.121342011104726,0.127289576503273,0.133528661169121,0,0,0,0,0,0,0,0,0,0,0,0,0
female,30,0.149238623818274,0.232695104170054,0.618066272011672,0.07987086708966,0.083785728901572,0.087892477236878,0.092200517392529,0.096719715665077,0.101460421946519,0.106433493427675,0.111650319463389,0.117122847656481,0.122863611220222,0,0,0,0,0,0,0,0,0,0,0,0
female,31,0.149231498331644,0.232699664913927,0.618068836754429,0.079865937724228,0.083786177762999,0.087892948099199,0.092201011334115,0.096720233817156,0.101460965495765,0.106434063618928,0.111650917602503,0.11712347511332,0.122864269431788,0,0,0,0,0,0,0,0,0,0,0,0
female,32,0.149220579044961,0.232706119896872,0.618073301058166,0.079858835098515,0.083780728793706,0.087894266073483,0.092202393908765,0.09672168415855,0.101462486925484,0.106435659621359,0.111652591832819,0.117125231405851,0.122866111808805,0,0,0,0,0,0,0,0,0,0,0,1.03726636169199E-08
female,33,0.149206087016556,0.232713971804134,0.61807994117931,0.079850008282416,0.083773522233938,0.087888639845851,0.09220506147494,0.09672448247519,0.101465422401307,0.106438738979208,0.111655822125056,0.117128620030509,0.12286966652653,0,0,0,0,0,0,0,0,0,0,0,1.56250556937465E-08
female,34,0.149188196085351,0.232722750803985,0.618089053110664,0.07983987109288,0.083765042295797,0.087881717934315,0.092199654759919,0.096729045635469,0.101470209224389,0.106443760427899,0.111661089699505,0.117134145794543,0.122875463135285,0,0,0,0,0,0,0,0,0,0,0,0
female,35,0.139731295331132,0.254897269083204,0.605371435585664,0.079828109364486,0.083755805143893,0.08787408121277,0.092193526186196,0.096724380348373,0.101477354256768,0.106451255673259,0.111668952323496,0.117142393804188,0.12288411542022,0,0,0,0,0,0,0,0,0,0,0,2.62663518713069E-08
female,36,0.141542852284039,0.253048460767461,0.6054086869485,0.106084333251357,0.08135479435974,0.085357906921661,0.089555553257357,0.093958492499252,0.098577165896575,0.103422550149473,0.108491795129826,0.113809508598276,0.119387869210583,0,0,0,0,0,0,0,0,0,0,0,3.07258996024018E-08
female,37,0.143375974875838,0.251174936601959,0.605449088522203,0.101317026703948,0.108258540852426,0.083022393300372,0.087107867205785,0.091392176415308,0.095886268081593,0.100600851257881,0.105547045987125,0.110720422898524,0.116147372313227,0,0,0,0,0,0,0,0,0,0,0,3.49838129576341E-08
female,38,0.145230439932855,0.249276494138922,0.605493065928223,0.096881731020354,0.103523570411877,0.110616136942939,0.084830637874426,0.089005405982677,0.093383659870056,0.097976606200536,0.102795092025897,0.10785042198837,0.113136698622462,0,0,0,0,0,0,0,0,0,0,0,3.90604072419976E-08
female,39,0.147106832062602,0.247352703424484,0.605540464512915,0.092746126967459,0.099108346257102,0.105902360754445,0.113157776501046,0.086780031391775,0.091051052823405,0.095530622789809,0.100230072727685,0.105160429254412,0.110333180532863,0,0,0,0,0,0,0,0,0,0,0,0
female,40,0.146410277635699,0.253465560859349,0.600124161504952,0.083084685142889,0.08878773717563,0.094877705933975,0.101381256412255,0.108326810548468,0.083075410104777,0.087164470534968,0.09145346416404,0.095953135965061,0.100673955731495,0,0,0,0,0,0,0,0,0,0.065221368286443,0,0
female,41,0.146379813694815,0.253453249897489,0.600166936407697,0.074891123025109,0.080035228564697,0.085528036455624,0.09139374356387,0.097658053571418,0.104348420676719,0.080024683101015,0.083963928878508,0.088096005922496,0.092431128642991,0,0,0,0,0,0,0,0,0,0.059892399911381,0.061737247686173,0
female,42,0.146349115829607,0.253439891446938,0.600210992723455,0.067862969682587,0.072526392723351,0.077507084454707,0.082825500441262,0.088505212192557,0.094571128119898,0.101050018204428,0.077495408214434,0.081310464675086,0.085312440670525,0,0,0,0,0,0,0,0,0,0.055290531438063,0.056993629227457,0.058749219955645
female,43,0.14631899715817,0.253425545194028,0.600255457647802,0.061774718971619,0.066021512674267,0.070557517387548,0.075402054307688,0.080575174474928,0.086099946821168,0.092000734492793,0.098303551090667,0.075389378995365,0.079101034443368,0,0,0,0,0,0,0,0,0,0.05127542870818,0.052854850482791,0.110644097149619
female,44,0.146289527402983,0.253410323904813,0.600300148692205,0.056455521074508,0.060338001806113,0.06448527800466,0.0689148929871,0.073645738446688,0.078697540046187,0.084093083551577,0.089856092461637,0.096012035400079,0.073632214549302,0,0,0,0,0,0,0,0,0,0.047740824389583,0.049211370799014,0.156917406483553
female,45,0.142999523186684,0.249642694458388,0.607357782354929,0.051773353730027,0.055334953873562,0.059139792857147,0.063203989394561,0.067544777079406,0.072180691588995,0.077131319249511,0.082419042760794,0.088067152948192,0.094100637642281,0,0,0,0,0,0,0,0,0,0.044604806222339,0.045978754797218,0.198520727855968
female,46,0.142965221902351,0.249619779880176,0.607414998217473,0.048277613105038,0.051601552464676,0.055150927378554,0.058942544023151,0.06299247699331,0.067317940306108,0.071937740557587,0.076871076802754,0.082140595042508,0.087769540206379,0.013571104842979,0,0,0,0,0,0,0,0,0.042106806876647,0.043403810320905,0.237916271079406
female,47,0.142928988637211,0.249595559199225,0.607475452163564,0.045096029229439,0.048202468618944,0.051520833717908,0.05506425681155,0.058849355961429,0.06289218979598,0.067210302051834,0.071822201766048,0.076747080916313,0.082007844836584,0.012680418435896,0.012808424590716,0,0,0,0,0,0,0,0.039819498614729,0.041046046783135,0.274233047869497
female,48,0.142889571216627,0.249569558669131,0.607540870114242,0.042190181671626,0.045098195102185,0.048204485124567,0.051522598485797,0.055065749526334,0.058850401006566,0.062892945984806,0.06721066656791,0.071822146616562,0.076746628266688,0.011867091600311,0.011987068872331,0.012108125831961,0,0,0,0,0,0,0.037717700795337,0.038879507910856,0.307836506636164
female,49,0.142846131347181,0.24954137483305,0.607612493819769,0.039527729243779,0.042254094694853,0.045166274752969,0.048276962427226,0.05159968318126,0.055147747324391,0.058937820684975,0.062986026121218,0.067309741049147,0.071927681796012,0.011122127200561,0.011234734923535,0.011348366330769,0.011463036518721,0,0,0,0,0,0.035780071358856,0.036882194251342,0.339035708140387
female,50,0.141021378600656,0.268592982640835,0.590385638758508,0.037081246016481,0.039641206788871,0.042375195732753,0.045295488773241,0.048414790462802,0.051746624093927,0.055304741271238,0.059105400344356,0.063164808763813,0.067500476097721,0.010437931221484,0.010543770812264,0.010650560082433,0.010758345896545,0.010867132522987,0,0,0,0,0.03398078402911,0.03503557134731,0.368095925742664
female,51,0.140955496788275,0.268554747640645,0.590489755571079,0.024285191092462,0.025965843003809,0.027758263404625,0.029672566341678,0.031717296351978,0.033901332618824,0.036234326679498,0.038725782251568,0.041386974224252,0.044229293159525,0.006839600336878,0.006909180462751,0.006979264483264,0.007049992679129,0.007121393467957,0.007193469640745,0,0,0,0.022533248527107,0.023233072833611,0.578263908440343
female,52,0.140883221087883,0.268512384249693,0.590604394662424,0.023882343646972,0.025536899117114,0.027303719977704,0.029188318142738,0.03120109997678,0.033350997367843,0.035647553492395,0.038100673443267,0.040720438170716,0.043518596122381,0.006729927367426,0.006798588142803,0.006867755195681,0.006937465304508,0.007007827058612,0.007078865477761,0.00715058141401,0,0,0.022438027919532,0.023135176117798,0.577405146543962
female,53,0.140805255791578,0.268465973240257,0.590728770968165,0.023486716188844,0.025115595148913,0.026855148201159,0.02871271943188,0.030694391347795,0.032810883507506,0.035071774104506,0.037486855206687,0.040066508918759,0.042821440652427,0.006622366188372,0.006690157004689,0.006758407046191,0.00682719820714,0.006896563264555,0.006966583695451,0.00703726902344,0.007108643513623,0,0.022344781060595,0.023039405474174,0.576586592813297
female,54,0.140719767936898,0.26841456645338,0.590865665609721,0.023097827117009,0.02470173038805,0.02641448209802,0.028243557015911,0.030196708583383,0.03228061627313,0.034506591097907,0.036884417834105,0.039424367186633,0.042137319810321,0.006516837421505,0.006583798330413,0.006651189267789,0.006719069334772,0.006787526575815,0.006856575167369,0.006926267965239,0.006996617720674,0.007067664854389,0.022253522551087,0.022945681928862,0.575807631477619
female,55,0.126993236704775,0.269792809194505,0.60321395410072,0.019979035521303,0.021367946520069,0.02285142863443,0.024435540193748,0.026127194111378,0.027933588905956,0.029861392420292,0.031920666251063,0.034120409974752,0.036470086569206,0.005640676297887,0.005698879148152,0.005757431340812,0.005816389272625,0.005875810172165,0.005935767994647,0.005996234162538,0.006057261042031,0.006118854908678,0.015188246479538,0.01973968746936,0.637107472609373
female,56,0.123322099639142,0.273335165738062,0.603342734622796,0.025015476901187,0.021417015287616,0.022905702325127,0.024495639243487,0.026193378792936,0.028006329183989,0.029943102888783,0.032009711678205,0.034217315170777,0.03657549140696,0.005657260977302,0.00571598073884,0.00577496301957,0.005834323949711,0.005894135551033,0.005954457033608,0.00601535838979,0.006076730413873,0.006138663355693,0.015237630805875,0.015612234692869,0.63530909819277
female,57,0.119750666319865,0.276768401436252,0.603480932243882,0.024638173936779,0.026816604140856,0.022959108136569,0.024554791626729,0.026258884493348,0.028078470703878,0.030022441709603,0.032099200652993,0.034314832926474,0.036681684008571,0.005673990959299,0.005733189644018,0.005792724169668,0.005852532130607,0.005912761546427,0.005973495206273,0.006034798352714,0.006096688019131,0.006158992442632,0.015288479573325,0.015664576210033,0.629393579410075
female,58,0.116275045936051,0.28009459559118,0.603630358472769,0.02426458926608,0.026412397125671,0.028748080822329,0.024612805451916,0.026323225019252,0.028149728558608,0.030101011396587,0.032185679338933,0.034412818506962,0.036788512642815,0.00569084299436,0.005750554082355,0.00581059907644,0.005870996868579,0.005931692242043,0.005992864877963,0.006054610902221,0.006116949498139,0.006179856970259,0.01534072305688,0.015718531051993,0.623542930249615
female,59,0.112890148989028,0.283314889762926,0.603794961248046,0.023893969219668,0.026011853646929,0.028315053126927,0.030819384276335,0.026386221771718,0.028219679452375,0.030178590929479,0.032271327888449,0.034507188982714,0.036895986559847,0.005707818734942,0.005768072749098,0.005828673225812,0.005889614107824,0.005950941647496,0.00601260277172,0.006074818741758,0.006137636426468,0.006201041934888,0.015394448450984,0.015774068389841,0.617761006964732
female,60,0.098629895952798,0.302316678877947,0.599053425169255,0.022546213701046,0.024547838833159,0.026724700264772,0.029091738067152,0.031665150944264,0.027110389880747,0.028995168365771,0.031008853432985,0.033160189015558,0.035458802112775,0.005486506793729,0.005544804138422,0.005603449442446,0.005662427881136,0.005721752799766,0.005781499626208,0.005841620513721,0.00590230786782,0.005963568165218,0.014805654416936,0.015171921766842,0.628205441969528
female,61,0.098510115951545,0.302171703654469,0.599318180393986,0.022201115826035,0.024176537636758,0.026324228116778,0.028659666049564,0.031198827114868,0.033959029461609,0.029075887166978,0.031098491618084,0.033259460221984,0.035568330246984,0.00550396162596,0.005563535748398,0.005622811190202,0.005682425768709,0.005742385419314,0.005802730319989,0.005863524695122,0.00592475643443,0.00598655731521,0.014863486719234,0.015231982219769,0.622690269084022
female,62,0.09837565271465,0.302007960531156,0.599616386754194,0.02185562508468,0.023804411295747,0.025924141030295,0.02822844260084,0.030733899155813,0.033457594652973,0.036420120870592,0.031184910168373,0.033355691433816,0.035675122477468,0.005521044852258,0.005581360546351,0.005641998670696,0.005702302815374,0.005762942393987,0.005823955198869,0.005885365722481,0.005947268156113,0.006009641430108,0.014921613348662,0.015292350672529,0.617270197421977
female,63,0.098221133003629,0.301819452351507,0.599959414644864,0.021510802968007,0.023433954509141,0.02552541023906,0.027800088951088,0.030272541992137,0.032960538533801,0.035884587872331,0.039064849396285,0.033451670168834,0.035782130007774,0.005538237944939,0.005599348379502,0.005660793878373,0.005722557466364,0.005783946989289,0.005845681194331,0.005907785758127,0.005970326430016,0.006033368983267,0.014981403707565,0.01535448811638,0.61191548651339
female,64,0.098042622539904,0.301601518261906,0.60035585919819,0.021165965868252,0.023064455615819,0.025128613105999,0.027373308335837,0.029814410830163,0.032467459530895,0.035353915902644,0.038493691778633,0.041908498167818,0.035889443423958,0.005555555677087,0.005617533760138,0.005679839909406,0.005742479175306,0.005805423862843,0.005867956661204,0.005930807980939,0.005994064917549,0.006057769454311,0.015042989668179,0.015418530728093,0.606627285644927
female,65,0.085432781537285,0.317308134227833,0.597259084234882,0.021078886709606,0.022976818618225,0.025039893483332,0.027283035684498,0.029722261199984,0.032374666157174,0.035259701849262,0.03839841640598,0.041812497889437,0.045525720991589,0.005642012113843,0.005705712714923,0.005769730037195,0.005834085890102,0.005898762052459,0.005963731571822,0.006028194942952,0.00609301103227,0.006158252791671,0.015293568481073,0.015676462849003,0.596464576533599
female,66,0.085250179926703,0.316985600227633,0.597764219845665,0.019472795733559,0.021227971599717,0.023141266609867,0.025221196164517,0.027482702337271,0.029941793532951,0.032618345920168,0.035529414776738,0.038696358182733,0.042141180474707,0.038991086456135,0.005618743437671,0.005682569409842,0.005746721760559,0.005811193061776,0.005875950629305,0.005940975807461,0.006005427507564,0.006070246952292,0.015076212588413,0.015454768154576,0.588253078902178
female,67,0.085040996709168,0.316615365528115,0.598343637762717,0.01800044461217,0.019630192827412,0.021401415666597,0.023332221156395,0.02543133790208,0.02771374515657,0.030198298105025,0.032902499090964,0.035843396555591,0.039042779127734,0.036131626355187,0.038872630727793,0.005602054168865,0.005666109310139,0.005730479311725,0.005795131049454,0.005860022654267,0.005925181719725,0.005989695780642,0.014877430487215,0.01525225539995,0.580801052834504
female,68,0.084803992224703,0.316194558295424,0.599001449479873,0.016647732446087,0.018162588490487,0.019808630740389,0.021597776162222,0.023548118376969,0.025668623667001,0.027977215670136,0.030490334743728,0.033225538872118,0.036199924056521,0.033508226979477,0.036057590980375,0.03879563709235,0.005591368608871,0.005655730784919,0.005720373381597,0.005785239366769,0.005850327083523,0.00591569318763,0.014694993737453,0.015066581132244,0.574031754439135
female,69,0.084538250314868,0.315720716201104,0.599741033484029,0.015402540096583,0.016811775351688,0.018342949551572,0.020006919788411,0.021815762586837,0.023787559231116,0.025934486397174,0.028272036421307,0.030816689270029,0.033586120176909,0.031096355798537,0.033469721240104,0.036018584893682,0.038756502565341,0.005586149813631,0.005650871408534,0.005715808415908,0.005780937363659,0.005846288415887,0.014526925829895,0.014895719078369,0.56787929630483
female,70,0.063930214401192,0.281921269992032,0.654148515606776,0.014610611683493,0.015955628407406,0.017416718896719,0.019004389074542,0.020729953639869,0.022605966367135,0.024654036780547,0.026884320657586,0.02931275390768,0.031956302014724,0.029596843989155,0.031863527198118,0.034297685870709,0.036912210154476,0.039721052011723,0.005725599707438,0.00579232787885,0.005859229768781,0.005926318630327,0.014727726448444,0.015106221520573,0.551340575391707
female,71,0.063668748978027,0.281270756745258,0.655060494276714,0.013531348081178,0.014774389480594,0.016135599218796,0.017614398516559,0.01922146331121,0.020968302719646,0.022869550748681,0.02494653958929,0.027208553058534,0.029671572930766,0.027488929092852,0.029603617435655,0.031872800087944,0.034309965259397,0.036928114079891,0.039741167789293,0.005728877907649,0.005796014275227,0.005863295866989,0.014573236099393,0.014949797860195,0.546202466590262
female,72,0.06337595150193,0.280538755356728,0.656085293141342,0.012534137009783,0.013693321878095,0.014952200974083,0.016330889757988,0.017828794891154,0.01945677235307,0.021228475500694,0.023157076287703,0.02526536632116,0.027561611259078,0.025542259299548,0.027515368512706,0.029633799123434,0.031907277338155,0.034349446262657,0.03697334208025,0.039792587345677,0.005736644987416,0.00580423246232,0.01442871369697,0.014803754128568,0.541503928529494
female,73,0.063045459238207,0.279710411551818,0.657244129209976,0.01161106972055,0.012693178178281,0.013867983084169,0.015143863257262,0.016541303611076,0.018059697253596,0.019712079352807,0.021510628070423,0.023468707229573,0.025610667433608,0.023742265896989,0.025584498088029,0.027562428273875,0.029686148771871,0.031965682324457,0.034414769827387,0.037046216692429,0.039873659200213,0.005748665737449,0.014293061325221,0.014666898138088,0.537196528532649
female,74,0.062672657188297,0.278774034770966,0.658553308040737,0.010755381413617,0.011766316429329,0.012863762501543,0.014055254257767,0.015349294462116,0.016766754492776,0.018309058102841,0.019987715911905,0.02181514308843,0.023804853575871,0.022076105852934,0.023797236797468,0.025645219358288,0.027629326310541,0.029759917564356,0.032047266557019,0.034504957633307,0.03714586155806,0.039983426170208,0.014165405749463,0.014538398469349,0.533233343742813
female,75,0.047298734205144,0.285121376505891,0.667579889288965,0.01032706713515,0.011307179106681,0.01237087943867,0.013525602188623,0.014779315504779,0.016140971279972,0.017634811109906,0.019260460137249,0.021030118912836,0.022956866937239,0.021289144482351,0.022957360226809,0.024748791186463,0.026672118785408,0.028737258257407,0.03095520905106,0.033336633396596,0.035895768021958,0.03864577291666,0.028482829245038,0.014419997769967,0.534525844909179
female,76,0.046924353713433,0.283708471071538,0.669367175215029,0.009961604575923,0.010911400777746,0.011947909982154,0.013072810992262,0.014293967699061,0.015619848102299,0.017062874260506,0.018645628671138,0.020368334131462,0.022243950007776,0.020636020819841,0.02225328421188,0.023998860094071,0.025873141110506,0.027885413047342,0.030046320497814,0.032366728359199,0.034859289164069,0.037538145926693,0.027672413078852,0.029144966064501,0.533597088424907
female,77,0.04650485022513,0.28211596156278,0.67137918821209,0.009600057702846,0.010525664032433,0.011530590532289,0.012626884944889,0.013816663422533,0.015108245580885,0.016513817638793,0.018043839944838,0.019721608016473,0.021548074635952,0.019999251376113,0.021575338665512,0.023268935805107,0.025096015609922,0.027057681628704,0.029163918096755,0.031425239511526,0.033853956283915,0.036464039704945,0.026886844936761,0.028324071823193,0.547849260105619
female,78,0.046036795698536,0.280327679081116,0.673635525220348,0.009241243369226,0.010143331905226,0.011122811760092,0.012186150359908,0.013345767645788,0.014604262826713,0.015973892209169,0.017464673913043,0.019087819766105,0.020867228808764,0.01937698294592,0.020913631208416,0.022564884673684,0.024339023440699,0.0262521020798,0.028306103575341,0.030510864274301,0.032878434909312,0.035421799585243,0.026124754556241,0.027528198275764,0.561746037911249
female,79,0.045511709346132,0.278310095028135,0.676178195625734,0.008883544757163,0.009763009797446,0.010717700467744,0.011754192187674,0.012879343308068,0.014105947118821,0.015440881164476,0.016893948411625,0.018475945498969,0.020198892213414,0.018767147078105,0.020265922379216,0.021876589528645,0.023607205174663,0.02546638514456,0.027470320059027,0.029621042771864,0.031930077014989,0.034410187312849,0.025384427902047,0.026755245942246,0.575332044766391
female,80,0.036194349021699,0.266811715463143,0.696993935515158,0.008346970393513,0.00918674242414,0.010098007568878,0.01108715222754,0.012160946127304,0.013326509059379,0.014600714615675,0.015987714525133,0.01749783407769,0.019142469528648,0.017785682175545,0.019217514542086,0.020756111438256,0.022409489429888,0.024185785722083,0.026093862702829,0.028148730004383,0.030354421052266,0.03272305409637,0.024147091277956,0.025457780283371,0.597285416727073
female,81,0.036123983952439,0.266292747583511,0.69758326846405,0.008054045154605,0.008818674438947,0.009707787545131,0.010672588113019,0.011719775650891,0.012856472496075,0.014089440875189,0.015442242163036,0.016915208897167,0.018519462059427,0.017218722987426,0.018604559291813,0.020106564682273,0.021720584918303,0.023454856615367,0.025317849248397,0.027315753049624,0.029468824725393,0.031780393693659,0.023459416869444,0.024740621782017,0.610016154742798
female,82,0.036045304746048,0.265722043529019,0.698232651724934,0.007764566832526,0.008510554420749,0.009320225592003,0.010261861573188,0.011283650443795,0.012392623046179,0.013595414956136,0.014900119612742,0.016337250189003,0.017902633232481,0.016658458970797,0.01801201198317,0.019465361611722,0.021041581040646,0.022735281651428,0.024554962717706,0.026506086283988,0.028598563574789,0.030855237204978,0.022785161204186,0.024037964183021,0.622480429674768
female,83,0.035954561182001,0.265083416480376,0.698962022337623,0.007477978554921,0.008206397687244,0.008996575961535,0.009854288046084,0.010851912566273,0.011934450681839,0.013108345847238,0.014381564540565,0.015762830733114,0.017290761549457,0.016103807450947,0.017426538283682,0.018846485727033,0.020371251004617,0.022025986369575,0.023803914534638,0.025710151203666,0.027754032573741,0.029946176793515,0.022123475372094,0.02334896826416,0.634674106254066
female,84,0.035848422220878,0.264362675946748,0.699788901832374,0.007193949122949,0.007905931076116,0.008677763444093,0.009515173025564,0.010424235902521,0.011481672183619,0.012628085475909,0.01387128377277,0.015219808583795,0.016683082658396,0.015554017170225,0.016847399641328,0.018235510977352,0.019725798813895,0.021326157250703,0.023064028991454,0.024927104972743,0.026924467352249,0.029066107092667,0.021473827548717,0.022673333636999,0.646581261305939
female,85,0.02171732524607,0.21588033988299,0.76240233487094,0.006417210496253,0.007064236142896,0.007764917335795,0.008524681944719,0.009349133869039,0.010244212253772,0.011284392797326,0.012412184043376,0.013635326679714,0.014962371491702,0.013941515289689,0.015116920519056,0.016378255726157,0.017732108138472,0.019185695018182,0.020746661432202,0.022438848308364,0.024252807745869,0.026197410399054,0.019364472908144,0.02044668078333,0.682539956676887
female,86,0.021282736375508,0.213194503469533,0.76552276015496,0.006329473151696,0.00698172445633,0.007687104235333,0.008451241043181,0.009280011761139,0.010179493091192,0.011156050604441,0.012289950456229,0.013519529868807,0.014853340871982,0.013855367512223,0.015016690869038,0.016287434663267,0.017651224255422,0.019115105773287,0.020686882429423,0.022369419684234,0.024195679328902,0.026153239247166,0.019343321233847,0.020435182058189,0.684162533404674
female,87,0.020782257045779,0.210070427915936,0.769147315038286,0.006228981120858,0.006887387767858,0.007598398643849,0.008367647838394,0.00920126051945,0.010105601795765,0.011087188822104,0.012153026281676,0.01338960552736,0.014730813660867,0.013758307299884,0.014928709529757,0.016187020674002,0.017561932306718,0.019037538108141,0.020621472341249,0.022316292068339,0.024130905181087,0.026102910939872,0.019319252063438,0.020422284991551,0.685863462517783
female,88,0.020206710819926,0.206435282138955,0.77335800704112,0.006113970199033,0.006779393575477,0.007497024326966,0.008272350919683,0.009111536833047,0.010021250241514,0.011008306694875,0.012079903991098,0.013243666405845,0.014592884140878,0.0136487834014,0.014828976425007,0.016098034809091,0.01746270164124,0.018951276273577,0.020548805223455,0.022257117077803,0.024085632995883,0.026043849748271,0.019290366622061,0.02040624647036,0.687657921983436
female,89,0.019546732755206,0.202208729543978,0.778244537700816,0.005982401697519,0.006655635028666,0.007380799265246,0.008163231026504,0.009008960830805,0.009924733720859,0.01091772520874,0.011995477994297,0.013165833441625,0.014437084747263,0.013524693350315,0.014715547236608,0.015996040529298,0.017373294941017,0.018854382402657,0.020466740957549,0.022189785859262,0.024033165087232,0.026007088990979,0.019254156620172,0.020384405197821,0.689568815865568
female,90,0.018834368288639,0.197571822015334,0.783593809696027,0.005396253293656,0.006022357048159,0.006700546835362,0.007431398534574,0.008220342935023,0.009073507896041,0.009997635890261,0.01100013575865,0.012088608002478,0.013270923518752,0.012368710012538,0.013480005794062,0.014674873940732,0.015959955169867,0.017342190252501,0.018828466574493,0.020435491511667,0.022153721489176,0.023993104750884,0.017776707077722,0.018812416347384,0.714972647366017
female,91,0.018070586889451,0.192511132050238,0.789418281060311,0.005250776375817,0.005880338549498,0.006563383097775,0.007303000725473,0.008100430569664,0.008961655518047,0.009893326824848,0.010903070677483,0.011999021343625,0.013189430341536,0.012307068292993,0.013340242632228,0.014547450834191,0.015845589410177,0.017241704780028,0.018743042822806,0.020342701790261,0.022075584737192,0.023929824030325,0.017744228403902,0.018793216779444,0.71704491146269
female,92,0.017255662733189,0.187005970084699,0.795738367182112,0.005092601300163,0.005725356686499,0.006412970842684,0.007158730140017,0.007965984297512,0.008836752793236,0.009777533516296,0.010795952571072,0.01190048698762,0.013099999409951,0.012239652074665,0.013283050027762,0.014402110174933,0.015714826314267,0.017126215999031,0.018643672440654,0.02025893917799,0.021981075962211,0.023850491467007,0.017700733689995,0.018763101591809,0.719269762534627
female,93,0.016391742230791,0.181044984212911,0.802563273556298,0.00492057171957,0.005556064454622,0.006247823789511,0.006999443311565,0.00781432698873,0.008696107966593,0.009647609788403,0.010676371602087,0.011790992157182,0.013000822224039,0.012164953176313,0.013219863741546,0.014351334985011,0.015564670110955,0.016993310280425,0.018528659794288,0.020160932831065,0.021899233469921,0.023754421930406,0.017645947451868,0.018721890494139,0.721644647731764
female,94,0.015484622658037,0.174639640979213,0.809875736362751,0.004733984255114,0.005371464452106,0.006066651097391,0.006823532944874,0.007645785917171,0.008536928001321,0.00950077322905,0.01054163271803,0.011668122224182,0.012889880836974,0.012081489879434,0.013149245572198,0.014294762888173,0.015523240522089,0.016840114561057,0.018395986150168,0.020047399955877,0.021803804796538,0.023675989162199,0.017580190986563,0.018670243280981,0.72415877656851
female,95,0.014533531226494,0.167750352301287,0.817716116472219,0.00409096865888,0.004666955552343,0.005296483951457,0.0059834097354,0.00673143948928,0.007543953480895,0.008424080320777,0.009375994769163,0.010405083987871,0.011520214278973,0.010818733309195,0.011795490116468,0.012843476778509,0.013967724941812,0.015172974428998,0.016464165523124,0.017974721817427,0.019578570420297,0.021285912110715,0.015821584774159,0.016795741702408,0.753442319851852
female,96,0.013556245398907,0.160471477354803,0.825972277246291,0.003891260271753,0.004465009889678,0.005094196227826,0.005782529907646,0.006534071882363,0.007352621175407,0.008241424402034,0.009204096454148,0.010245676199405,0.011373286843225,0.010704879241306,0.011694792498167,0.012757062412577,0.013896747737876,0.01511910093842,0.016428808671985,0.017825555218461,0.019450373443461,0.021177002491249,0.015759535911479,0.016747694474092,0.756254273707443
female,97,0.012564291631268,0.15285825156895,0.834577456799782,0.003678121103435,0.004247274339469,0.004873548280103,0.005560889827054,0.006313567866371,0.007135854365202,0.008031419952298,0.009003878106755,0.010057421419665,0.011198281723477,0.010567780509484,0.011571690200727,0.012649042671614,0.013805225496336,0.015045421827444,0.016375138207836,0.01779294503951,0.019304189682005,0.021054039109932,0.015690087126979,0.016694931479009,0.759349251665295
female,98,0.011568431919741,0.144964873909743,0.843466694170516,0.00345400591671,0.004015880104485,0.004636762460916,0.005320502139034,0.00607152034333,0.006894717628875,0.007794352002849,0.008774449555068,0.00983899322553,0.010993097278739,0.010405635097078,0.011424356099008,0.012517594722915,0.013691100681663,0.01495024124584,0.016300565006564,0.017741083378943,0.019276304253344,0.020912371561788,0.01561075634577,0.016635063093007,0.762740647858544
female,99,0.010576296712473,0.13682512797769,0.852598575309837,0.003221765134604,0.003773657751269,0.004386409119627,0.005063992781739,0.005810769778617,0.006631692137918,0.007532128604691,0.008516830214102,0.009590080206953,0.010756501806767,0.01021711410625,0.011251442109681,0.012361278083623,0.01355287113189,0.014831726525515,0.016203497107337,0.017666846765335,0.019227767766856,0.020890921764444,0.015517335512594,0.01656456245117,0.766430809139018
female,100,0.003737877570841,0.118578682551122,0.877683439878037,0.002620660671452,0.003093933146761,0.00362240341029,0.004209519367209,0.004859217060934,0.0055758323703,0.006364011178284,0.007229434264854,0.008176547352345,0.0092094760563,0.00878153419689,0.009704048617373,0.010693663416028,0.011756346869329,0.012897150876804,0.01412091224165,0.015425875748077,0.016818463892315,0.018304038784548,0.013616224320406,0.01445783078996,0.798462875367892
female,101,0.003737877570841,0.118578682551122,0.877683439878037,0.002620660671452,0.003093933146761,0.00362240341029,0.004209519367209,0.004859217060934,0.0055758323703,0.006364011178284,0.007229434264854,0.008176547352345,0.0092094760563,0.00878153419689,0.009704048617373,0.010693663416028,0.011756346869329,0.012897150876804,0.01412091224165,0.015425875748077,0.016818463892315,0.018304038784548,0.013616224320406,0.01445783078996,0.798462875367892
female,102,0.003737877570841,0.118578682551122,0.877683439878037,0.002620660671452,0.003093933146761,0.00362240341029,0.004209519367209,0.004859217060934,0.0055758323703,0.006364011178284,0.007229434264854,0.008176547352345,0.0092094760563,0.00878153419689,0.009704048617373,0.010693663416028,0.011756346869329,0.012897150876804,0.01412091224165,0.015425875748077,0.016818463892315,0.018304038784548,0.013616224320406,0.01445783078996,0.798462875367892
female,103,0.003737877570841,0.118578682551122,0.877683439878037,0.002620660671452,0.003093933146761,0.00362240341029,0.004209519367209,0.004859217060934,0.0055758323703,0.006364011178284,0.007229434264854,0.008176547352345,0.0092094760563,0.00878153419689,0.009704048617373,0.010693663416028,0.011756346869329,0.012897150876804,0.01412091224165,0.015425875748077,0.016818463892315,0.018304038784548,0.013616224320406,0.01445783078996,0.798462875367892
female,104,0.003737877570841,0.118578682551122,0.877683439878037,0.002620660671452,0.003093933146761,0.00362240341029,0.004209519367209,0.004859217060934,0.0055758323703,0.006364011178284,0.007229434264854,0.008176547352345,0.0092094760563,0.00878153419689,0.009704048617373,0.010693663416028,0.011756346869329,0.012897150876804,0.01412091224165,0.015425875748077,0.016818463892315,0.018304038784548,0.013616224320406,0.01445783078996,0.798462875367892
female,105,0.003737877570841,0.118578682551122,0.877683439878037,0.002620660671452,0.003093933146761,0.00362240341029,0.004209519367209,0.004859217060934,0.0055758323703,0.006364011178284,0.007229434264854,0.008176547352345,0.0092094760563,0.00878153419689,0.009704048617373,0.010693663416028,0.011756346869329,0.012897150876804,0.01412091224165,0.015425875748077,0.016818463892315,0.018304038784548,0.013616224320406,0.01445783078996,0.798462875367892
female,106,0.003737877570841,0.118578682551122,0.877683439878037,0.002620660671452,0.003093933146761,0.00362240341029,0.004209519367209,0.004859217060934,0.0055758323703,0.006364011178284,0.007229434264854,0.008176547352345,0.0092094760563,0.00878153419689,0.009704048617373,0.010693663416028,0.011756346869329,0.012897150876804,0.01412091224165,0.015425875748077,0.016818463892315,0.018304038784548,0.013616224320406,0.01445783078996,0.798462875367892
female,107,0.003737877570841,0.118578682551122,0.877683439878037,0.002620660671452,0.003093933146761,0.00362240341029,0.004209519367209,0.004859217060934,0.0055758323703,0.006364011178284,0.007229434264854,0.008176547352345,0.0092094760563,0.00878153419689,0.009704048617373,0.010693663416028,0.011756346869329,0.012897150876804,0.01412091224165,0.015425875748077,0.016818463892315,0.018304038784548,0.013616224320406,0.01445783078996,0.798462875367892
female,108,0.003737877570841,0.118578682551122,0.877683439878037,0.002620660671452,0.003093933146761,0.00362240341029,0.004209519367209,0.004859217060934,0.0055758323703,0.006364011178284,0.007229434264854,0.008176547352345,0.0092094760563,0.00878153419689,0.009704048617373,0.010693663416028,0.011756346869329,0.012897150876804,0.01412091224165,0.015425875748077,0.016818463892315,0.018304038784548,0.013616224320406,0.01445783078996,0.798462875367892
female,109,0.003737877570841,0.118578682551122,0.877683439878037,0.002620660671452,0.003093933146761,0.00362240341029,0.004209519367209,0.004859217060934,0.0055758323703,0.006364011178284,0.007229434264854,0.008176547352345,0.0092094760563,0.00878153419689,0.009704048617373,0.010693663416028,0.011756346869329,0.012897150876804,0.01412091224165,0.015425875748077,0.016818463892315,0.018304038784548,0.013616224320406,0.01445783078996,0.798462875367892
female,110,0.003737877570841,0.118578682551122,0.877683439878037,0.002620660671452,0.003093933146761,0.00362240341029,0.004209519367209,0.004859217060934,0.0055758323703,0.006364011178284,0.007229434264854,0.008176547352345,0.0092094760563,0.00878153419689,0.009704048617373,0.010693663416028,0.011756346869329,0.012897150876804,0.01412091224165,0.015425875748077,0.016818463892315,0.018304038784548,0.013616224320406,0.01445783078996,0.798462875367892
