sex,age,Weighted average ex-smoker RR (for all diseases combined),,,,,,,,,,,,,,,,,,,,
male,0,,,,,,,,,,,,,,,,,,,,,
male,1,,,,,,,,,,,,,,,,,,,,,
male,2,1,1,1,1,1,1,1,1,1,1,1,1,1,1,1,1,1,1,1,1,1
male,3,1,1,1,1,1,1,1,1,1,1,1,1,1,1,1,1,1,1,1,1,1
male,4,1,1,1,1,1,1,1,1,1,1,1,1,1,1,1,1,1,1,1,1,1
male,5,1,1,1,1,1,1,1,1,1,1,1,1,1,1,1,1,1,1,1,1,1
male,6,1,1,1,1,1,1,1,1,1,1,1,1,1,1,1,1,1,1,1,1,1
male,7,1,1,1,1,1,1,1,1,1,1,1,1,1,1,1,1,1,1,1,1,1
male,8,1,1,1,1,1,1,1,1,1,1,1,1,1,1,1,1,1,1,1,1,1
male,9,1,1,1,1,1,1,1,1,1,1,1,1,1,1,1,1,1,1,1,1,1
male,10,1,1,1,1,1,1,1,1,1,1,1,1,1,1,1,1,1,1,1,1,1
male,11,1,1,1,1,1,1,1,1,1,1,1,1,1,1,1,1,1,1,1,1,1
male,12,1,1,1,1,1,1,1,1,1,1,1,1,1,1,1,1,1,1,1,1,1
male,13,1,1,1,1,1,1,1,1,1,1,1,1,1,1,1,1,1,1,1,1,1
male,14,1,1,1,1,1,1,1,1,1,1,1,1,1,1,1,1,1,1,1,1,1
male,15,1,1,1,1,1,1,1,1,1,1,1,1,1,1,1,1,1,1,1,1,1
male,16,1,1,1,1,1,1,1,1,1,1,1,1,1,1,1,1,1,1,1,1,1
male,17,1,1,1,1,1,1,1,1,1,1,1,1,1,1,1,1,1,1,1,1,1
male,18,1,1,1,1,1,1,1,1,1,1,1,1,1,1,1,1,1,1,1,1,1
male,19,1,1,1,1,1,1,1,1,1,1,1,1,1,1,1,1,1,1,1,1,1
male,20,0.999999615047562,0.999999634751701,0.999999653447417,0.999999671186314,0.999999688017354,0.999999703986995,0.999999719139318,0.999999733516147,0.999999747157168,0.999999760100034,0.999999772380472,0.999999784032384,0.999999795087932,0.999999805577636,0.999999815530453,0.999999824973859,0.999999833933923,0.99999984243538,0.999999850501701,0.999999858155154,0.999999865416868
male,21,1.00000114079803,1.00000104209693,1.00000095238407,1.00000087083328,1.00000079669406,1.00000072928476,1.00000066798619,1.00000061223603,1.00000056152353,1.00000051538489,1.00000047339891,1.00000043518314,1.0000004003903,1.00000036870509,1.00000033984126,1.00000031353892,1.00000028956219,1.00000026769693,1.0000002477488,1.00000022954141,1.00000021291469
male,22,1.00000513101425,1.00000468534121,1.00000428019567,1.00000391186138,1.00000357696194,1.0000032724298,1.00000299547816,1.00000274357535,1.00000251442157,1.00000230592776,1.0000021161964,1.00000194350398,1.00000178628519,1.00000164311843,1.00000151271273,1.00000139389578,1.00000128560309,1.00000118686814,1.00000109681344,1.00000101464234,1.00000093963163
male,23,1.0000094298244,1.00000853494401,1.0000077258185,1.00000699435146,1.00000633319924,1.00000573570155,1.00000519581866,1.00000470807416,1.00000426750306,1.00000386960469,1.00000351029977,1.00000318589158,1.00000289303056,1.00000262868221,1.00000239009796,1.00000217478862,1.00000198050037,1.00000180519288,1.00000164701947,1.00000150430908,1.0000013755499
male,24,1.00000777564778,1.00000681794191,1.00000596532542,1.00000520712812,1.00000453371465,1.00000393638657,1.0000034072936,1.00000293935323,1.00000252617775,1.00000216200829,1.00000184165484,1.00000156044207,1.00000131416008,1.00000109901992,1.00000091161311,1.00000074887514,1.00000060805224,1.0000004866714,1.00000038251315,1.00000029358689,1.00000021810862
male,25,1.00023064332537,1.00021601521315,1.00020260835696,1.00019029371343,1.00017895810015,1.00016850208324,1.00015883815774,1.00014988917925,1.00014158701154,1.00013387135949,1.00012668876164,1.0001199917196,1.0001137379454,1.00010788971029,1.00010241328071,1.00009727842954,1.00009245801207,1.00008792759772,1.00008366515003,1.00007965074809,1.00007586634389
male,26,1.0008723511768,1.00081812464115,1.00076838896453,1.00072266400511,1.00068052988688,1.00064161881504,1.00060560804226,1.00057221382148,1.00054118620451,1.00051230456609,1.00048537375017,1.00046022075009,1.00043669184695,1.00041465014126,1.00039397342241,1.00037455232831,1.00035628875426,1.00033909447625,1.00032288995856,1.00030760331993,1.00029316943631
male,27,1.00229362507097,1.00214888678866,1.00201641902712,1.00189487766075,1.00178309034684,1.00168003292897,1.00158480918095,1.0014966334125,1.00141481552681,1.00133874817927,1.00126789573709,1.00120178478261,1.00113999594039,1.00108215683943,1.00102793604927,1.00097703785158,1.00092919772903,1.00088417846992,1.00084176680164,1.00080177047857,1.00076401576056
male,28,1.00465460994419,1.00435263686554,1.00407715094168,1.00382517207428,1.00359410687594,1.00338169514847,1.00318596396594,1.00300518827056,1.00283785704679,1.00268264427401,1.00253838397319,1.00240404876166,1.00227873141446,1.00216162900297,1.00205202924325,1.00194929873927,1.00185287285179,1.00176224696177,1.001676968931,1.00159663259038,1.00152087211089
male,29,1.00795044775878,1.00741520024185,1.00692883875608,1.00648570831592,1.0060808979128,1.0057101369435,1.00536970639,1.00505636263023,1.00476727206557,1.00449995501244,1.00425223752912,1.00402221004064,1.00380819178837,1.00360870027114,1.00342242496466,1.00324820470869,1.0030850082392,1.00293191741792,1.00278811277597,1.0026528610433,1.00252550438279
male,30,1.02590486394565,1.02248118363748,1.01961362841821,1.01720507647106,1.01517579077949,1.01346027679298,1.01200471085625,1.01076483541412,1.00970423599079,1.00879293045707,1.00800621377646,1.00732371178155,1.00672860599998,1.00620699846951,1.00574739113907,1.00534025907713,1.00497770048909,1.00465314963684,1.00436114128094,1.00409711733283,1.00385726809508
male,31,1.03567195679664,1.03086041520757,1.02683362045466,1.02345477932347,1.02061150938954,1.01821143959091,1.01617860792763,1.01445051135088,1.0129756893255,1.01171174414451,1.01062371872618,1.00968276705457,1.00886506422145,1.00815091267354,1.00752400915609,1.0069708432939,1.00648020402597,1.0060427744248,1.00565079896113,1.00529781016223,1.00497840397517
male,32,1.04389976517885,1.03784131557679,1.03277607781885,1.02853114872397,1.02496439444124,1.02195892016142,1.01941853951378,1.01726406222961,1.01543025167369,1.01386333084123,1.01251893749098,1.01136044713539,1.01035759736995,1.00948535909711,1.00872301007565,1.00805337430526,1.00746219736601,1.00693763324086,1.00646982257555,1.00605054595316,1.00567293872582
male,33,1.05240164634942,1.04501936699518,1.03885260376323,1.03369004205611,1.02935787340648,1.0257130717475,1.02263788240257,1.02003530411857,1.01782538439005,1.0159421809714,1.01433126917688,1.01294769641066,1.01175430323694,1.01072034491883,1.00982035931652,1.0090332368239,1.00834145603444,1.00773045538542,1.00718811639846,1.00670433853063,1.00627068925033
male,34,1.06105258855993,1.05231934177968,1.04502753289756,1.03892702886103,1.03381197509637,1.02951287748566,1.02589010944018,1.02282858637425,1.02023339665066,1.01802621632382,1.01614236630396,1.0145283961718,1.01314009982655,1.01194088529859,1.0109004350938,1.00999360492628,1.00919951810379,1.00850082053298,1.00788306762049,1.00733421951352,1.0068442253571
male,35,1.15842712608251,1.12657996513112,1.10183511746813,1.08252669179665,1.06739308921269,1.05547627362081,1.04604666681253,1.03854704158824,1.03255052210933,1.0277290772414,1.02382983242324,1.02065721816773,1.0180594842808,1.01591848634833,1.01414193024192,1.01265746720056,1.01140818545725,1.01034915836208,1.00944479378261,1.00866679280681,1.00799257301385
male,36,1.17102611118288,1.13670040705979,1.11001321254014,1.08917568558507,1.07283273600173,1.05995499543875,1.04975826766848,1.04164335190464,1.03515099394058,1.02992808920514,1.02570226980575,1.02226275040636,1.01944585577154,1.01712405757923,1.01519764748371,1.01358839514995,1.01223470445995,1.01108790329197,1.01010939321456,1.00926845323677,1.0085405423968
male,37,1.18183360858012,1.14551617835405,1.11724972628778,1.09515482624445,1.07780657283237,1.06412162080149,1.05327390903407,1.04463166085322,1.03771019106674,1.03213647631771,1.02762249549733,1.02394512114742,1.02093091415101,1.01844459623159,1.01638028720766,1.01465482545855,1.01320266187039,1.01197194524394,1.0109215122426,1.01001856589574,1.00923687968878
male,38,1.1908431261144,1.15306975477831,1.12362204607577,1.10056592648827,1.0824330059135,1.06810529723416,1.05672910877642,1.04765059755789,1.04036743218236,1.03449245784649,1.02972631979652,1.02583678648879,1.02264309351395,1.02000405819524,1.01780903240591,1.01597099675869,1.01442127435661,1.0131054725468,1.0119803582151,1.01101144467304,1.01017112244859
male,39,1.19829784261383,1.15951093592185,1.12921173186506,1.10544078200213,1.08670766848051,1.07187552809166,1.06007465445793,1.05063772318173,1.04305112361839,1.03691830986194,1.03193213783836,1.02785393422762,1.02449761899807,1.02171763000004,1.01939971453259,1.01745388788658,1.0158090337885,1.01440875204228,1.01320815601304,1.01217139541849,1.01126973447942
male,40,1.20317105663233,1.16387960665176,1.13313066201746,1.10896376958722,1.08988493316606,1.07475245453933,1.06269135832671,1.05302911015639,1.04524722497193,1.038944755208,1.03381067783017,1.02960296073333,1.02613265314251,1.02325176319864,1.02084399688736,1.01881766389139,1.01710022845414,1.01563411215814,1.01437345188876,1.01328158848399,1.01232911581852
male,41,1.20449212883908,1.16535525622057,1.13468186063738,1.11053939502322,1.09145260016612,1.0762922394153,1.06419153150137,1.05448325562648,1.04665231269267,1.04029986427767,1.0351161610614,1.03085990616729,1.02734254343241,1.02441626534576,1.02196483666338,1.01989655433214,1.01813883211671,1.01663402384233,1.01533619325177,1.01420860913611,1.0132217975732
male,42,1.20954003474619,1.16968530530823,1.13843755991974,1.11383455951454,1.09437715912996,1.07891702461799,1.06657218914802,1.05666341691658,1.04866614568,1.04217411513072,1.03687177782715,1.03251332385595,1.02890669624678,1.02590138042313,1.02337905382526,1.02124640797316,1.01942962437362,1.01787011240531,1.01652121244667,1.01534563905823,1.01431349294683
male,43,1.21883305715965,1.17752164183988,1.14509882154621,1.11954534684572,1.09931652737248,1.08322770858518,1.07036800428208,1.06003518175897,1.05168641049414,1.04490092984583,1.0393516892445,1.03478375613526,1.03099783906557,1.02783768492764,1.02518041670881,1.02292910797095,1.02100706249866,1.0193533968126,1.01791962043598,1.01666698202081,1.01556440470765
male,44,1.22432717907251,1.1822664264331,1.14921543711134,1.12313637887775,1.10246799959479,1.08601123021479,1.07284285679673,1.06225024359544,1.05368187237342,1.04670978692745,1.04100101605321,1.03629578096849,1.0323908396317,1.02912672846931,1.02637796728244,1.02404552182942,1.02205099026219,1.02033210868731,1.01883926837097,1.01753281050364,1.01638091994254
male,45,1.23282002483345,1.18941371885441,1.15525346618202,1.12825953740388,1.10683582375112,1.08975442084444,1.07606836925306,1.06504555074283,1.05611850878157,1.04884627788023,1.04288528638149,1.03796712822508,1.03388154518373,1.03046336953045,1.02758248319831,1.02513607927383,1.02304268445602,1.02123753128229,1.01966896716427,1.01829566156134,1.01708442889658
male,46,1.24505622765247,1.19964698089653,1.16384351877614,1.13549947245852,1.1129644051264,1.09496619115297,1.0805219188336,1.06887026429952,1.05942005761006,1.0517110829033,1.04538413978733,1.04015812925824,1.03581247823314,1.03217362960755,1.02910463467232,1.02649711780507,1.02426505894953,1.02233997192815,1.02066715684715,1.01920278077082,1.01791159846477
male,47,1.26556157729577,1.21666548837465,1.1780232746032,1.14736196723644,1.12293007061639,1.10337466731603,1.08764815521438,1.0749373279726,1.06460933463507,1.05617041477496,1.04923432207923,1.043498109797,1.03872352142841,1.03472265787793,1.03134691401993,1.02847841997376,1.02602340527203,1.02390704237283,1.02206943069585,1.02046246183849,1.01904736705733
male,48,1.28433850493422,1.23224405678914,1.1909908727109,1.15819260032555,1.13200705189976,1.11100863893302,1.09409142186516,1.08039527554664,1.06924954129615,1.0601299328428,1.05262550782972,1.04641329887062,1.04123878513164,1.03690082657983,1.03324001519784,1.03012964799441,1.02746871594794,1.02517644633201,1.02318804456881,1.0214513643572,1.0199242977137
male,49,1.31366938911052,1.25662238116642,1.21131771970641,1.17519534008741,1.14627452870204,1.12301891270688,1.10423370147327,1.08898730849767,1.0765514396539,1.06635519626682,1.05794983624796,1.05098165732025,1.0451710827818,1.04029649401045,1.03618170342963,1.03268622556324,1.02969770344658,1.02712599897015,1.02489857063667,1.02295684964009,1.02125339183093
male,50,1.33910196874318,1.27778992498411,1.2289822636303,1.18997498689551,1.15867206136492,1.13344444556507,1.11302266505301,1.09641477158003,1.08284354803004,1.07169833517041,1.06249799047497,1.05486234023076,1.04849012567681,1.0431419254299,1.0386268996417,1.03479247579204,1.03151630382877,1.02869996601073,1.02626404664218,1.02414425815872,1.02228838968561
male,51,1.37676692322229,1.31154161630697,1.2589982767261,1.21651166657245,1.18202527613478,1.15392335519508,1.13093269545745,1.11204705000223,1.09646881788789,1.08356392899606,1.07282684646412,1.06385334366478,1.05631927071642,1.04996394739381,1.04457713895181,1.03998881408555,1.03606106896341,1.03268174216991,1.02975935312981,1.02721907916015,1.02499954974214
male,52,1.40156105865703,1.33468743824707,1.28027656633161,1.23584669444443,1.19943650201555,1.16949094582419,1.14477315175289,1.12429620462757,1.10727018238332,1.09306090154101,1.08115768533973,1.07114810329188,1.06269811315521,1.05553640195123,1.04944200054077,1.04423445797007,1.03976602349407,1.03591540800241,1.03258279164518,1.02968581765415,1.02715636887192
male,53,1.43243675705782,1.36310953190823,1.30618096910057,1.25927190954592,1.22048732548383,1.18831247902708,1.16153240818182,1.13916929286811,1.12043356554188,1.10468561948605,1.09140571392798,1.08017023943362,1.07063293474992,1.06250997121825,1.05556806835838,1.04961499318107,1.04449194045365,1.04006740221152,1.0362322203308,1.03289558202913,1.02998176933324
male,54,1.45104647756523,1.38123092312015,1.32344456672342,1.2754551152713,1.23547243799975,1.20205558289237,1.17404040045119,1.1504830069586,1.13061545966089,1.11381087718108,1.09955588957765,1.08742879589489,1.07708218177973,1.06822903497624,1.06063161415512,1.05409249304106,1.04844732953332,1.04355900778942,1.0393128770815,1.03561286994922,1.03237832777856
male,55,1.50416712197369,1.4289246318086,1.36612837988528,1.31355372330152,1.26940337805424,1.23221956102862,1.20081529899879,1.1742205191713,1.15163957538587,1.13241765103469,1.11601407650408,1.10198105231363,1.08994661428846,1.07960094046689,1.07068530089016,1.0629831059034,1.05631262739652,1.05052105904356,1.04547965249559,1.04107972151817,1.03722934893541
male,56,1.54433541658484,1.46585643447529,1.39987905073772,1.34424566475395,1.29720124629388,1.25731238511331,1.22340371941249,1.19450781462438,1.16982548575803,1.14869425648415,1.13056318056524,1.11497265694359,1.10153817957655,1.08993720015161,1.07989846362979,1.07119331638165,1.06362859449434,1.05704078321339,1.0512912031773,1.04626202946607,1.04185298882788
male,57,1.58995166842316,1.50774994604054,1.43816093814917,1.37908399567389,1.32879868548548,1.28589012741983,1.24919007810061,1.21773025079068,1.19070517448484,1.16744251580296,1.14737926076195,1.13004251558213,1.11503396308104,1.10201722417999,1.09070753793747,1.08086329996009,1.07227909685084,1.06477995024207,1.05821654302521,1.05246124651548,1.04740480344056
male,58,1.63610899970978,1.55041186936002,1.47738457760073,1.41499147832434,1.36155395437808,1.31568205774751,1.27622028970384,1.24220441656168,1.21282692692283,1.18740927967168,1.1653795083679,1.14625406728009,1.12962305007833,1.11513810159682,1.10250248935725,1.09146291480334,1.08180273212889,1.07333631104847,1.06590433333903,1.05936985489343,1.05361499799176
male,59,1.70594101030215,1.61394477042523,1.53503925305814,1.46720101680944,1.40874913372992,1.3582815283115,1.31462417929473,1.27679041234463,1.24394813596672,1.21539335277144,1.19052864739701,1.16884563701668,1.14991059017631,1.13335258983486,1.11885374844664,1.10614108554502,1.09497975830417,1.08516739813021,1.0765293554237,1.06891469329695,1.06219280155641
male,60,1.80091030734685,1.69980780120476,1.6125527250004,1.53708930354763,1.47169650947277,1.41492791743984,1.36556338201434,1.32257004604446,1.28507073796276,1.25231824222117,1.22367425633244,1.19859210303382,1.17660246401856,1.15730155561187,1.14034128675782,1.12542103345254,1.11228073723987,1.100695093139,1.09046863791208,1.08143158561012,1.07343628594714
male,61,1.8515718173237,1.74731094390486,1.6568552847032,1.5782241423702,1.50974923367209,1.45002006868589,1.39783983236909,1.35218959359961,1.3121991404562,1.27712310776602,1.24632134812907,1.219242719456,1.19541163492638,1.17441685627365,1.15590211696711,1.13955824477288,1.12511651841009,1.11234304449716,1.1010339817342,1.09101147163843,1.08212016095431
male,62,1.90400215882155,1.79645482764236,1.70269883716561,1.6208187963308,1.54919234135559,1.48644024062564,1.43138588779876,1.38302227334506,1.34048493424046,1.30302970035741,1.27001430470181,1.24088311881939,1.21515442663549,1.19240976912864,1.17228498586271,1.15446265315822,1.13866567694402,1.12465184448337,1.11220917584576,1.10115194523938,1.09131726571977
male,63,1.9362388205822,1.82787126899132,1.73299617576257,1.64979334862418,1.57671375080277,1.51243436334094,1.45582138398291,1.40590009330603,1.36183007161218,1.32288472588237,1.28843430197721,1.25793172652312,1.23090075586405,1.20692601408111,1.18564458459792,1.16673888512423,1.14993060739724,1.13497554428009,1.12165915954493,1.10979278187845,1.09921032568575
male,64,1.96226936586084,1.85374573535842,1.75836631876501,1.67440491974639,1.60038630241051,1.53504527185506,1.47729318321884,1.4261904138054,1.38092363829883,1.3407869867526,1.30516635333487,1.2735262719938,1.24539889201303,1.22037467867817,1.1980945372845,1.1782431166297,1.16054309418942,1.14475028189597,1.13064942080793,1.11805055651827,1.10678590611234
male,65,2.01378269435421,1.90208096512648,1.80355982132393,1.71653389356903,1.63955665432949,1.57138235366413,1.51093473158186,1.4572811925093,1.40961139720103,1.36721943998551,1.32948894690659,1.29588056277581,1.26592139996496,1.23919610486304,1.21533926393145,1.19402892384592,1.17498104215779,1.15794471847122,1.14269808306784,1.12904474159189,1.11681069191849
male,66,2.00686116012338,1.89828025554811,1.80226607314696,1.71723516530637,1.64182645189073,1.57486595884984,1.51533780806754,1.46236025313657,1.41516580104478,1.37308465354832,1.33553085529033,1.30199065713045,1.2720126994544,1.24519969675096,1.22120136565285,1.19970838721971,1.18044723307588,1.16317571613379,1.14767915163292,1.13376703436509,1.12127015423168
male,67,2.0079283680146,1.90122806435247,1.80669492744367,1.72280862414808,1.6482619785372,1.58192710503863,1.52282755080954,1.47011529216933,1.42305166335849,1.38099148080117,1.34336977267549,1.30969064000035,1.2795178679798,1.25246698000823,1.22819848547383,1.20641211941117,1.18684190959858,1.16925193680691,1.15343267811036,1.13919784267589,1.12638162520921
male,68,2.01875626976682,1.91264949057968,1.8185096807071,1.73484617513908,1.66037815258101,1.59400107779128,1.53475911941291,1.48182239671266,1.43446813879734,1.39206502266792,1.35406010177393,1.31996785234672,1.2893609568866,1.26186251763062,1.23713945148843,1.21489686485322,1.19487324428468,1.17683632923216,1.16057955723067,1.14591899155959,1.13269065715458
male,69,2.01734849731709,1.91296064134908,1.82026244273161,1.73779347162974,1.66430108445683,1.59870680895405,1.54007875313481,1.48760888295571,1.44059424399231,1.39842138586554,1.36055339435665,1.32651905273156,1.29590374685079,1.26834180299147,1.24351000677986,1.22112209926254,1.20092408434297,1.18269021249138,1.16621953032035,1.15133290551506,1.13787045267668
male,70,2.11989662519809,2.00637926763222,1.90545333853484,1.81555345420437,1.73533663392504,1.66364637049203,1.59948311199172,1.5419799349548,1.49038242977272,1.44403201158492,1.40235202355461,1.36483612239181,1.33103853439164,1.30056584909698,1.27307008092283,1.24824277983987,1.22581001301712,1.20552807216433,1.18717978778702,1.17057135294069,1.15552957635855
male,71,2.14942927235629,2.03448138273996,1.93221435277929,1.84104579845144,1.75962021141914,1.6867720227756,1.62149527017763,1.56291861727039,1.51028471909462,1.46293312325176,1.4202860537556,1.38183655052486,1.3471385386003,1.31579848238017,1.28746834543581,1.2618396289719,1.23863830427243,1.21762048855389,1.19856874115438,1.18128887921965,1.16560723004245
male,72,2.16271129965625,2.04809279261774,1.94605274006733,1.85501506139685,1.77363160823364,1.70074482371251,1.63535707853637,1.57660542593239,1.52374076136812,1.47611056873023,1.43314459207419,1.39434289863032,1.3592659005918,1.32752598519759,1.29878046867168,1.27272564282861,1.24909172611944,1.22763856559147,1.20815196428692,1.19044053131047,1.17433297019508
male,73,2.15641129419084,2.0442771976237,1.9443575888499,1.855120222843,1.77525550829097,1.70363994827346,1.63930609861782,1.58141782542056,1.52924987680232,1.48217097220516,1.43962976429483,1.40114315092062,1.36628651333604,1.33468553660127,1.30600933247764,1.27996463716484,1.25629089832102,1.23475609987335,1.21515320072514,1.19729708584468,1.18102194638706
male,74,2.15288057831735,2.04311265402864,1.9451716345721,1.85757987952455,1.77907421532841,1.70857082324521,1.64513634562637,1.58796405940776,1.53635418374442,1.4896975649543,1.44746212447533,1.40918157084928,1.37444597006461,1.3428938441451,1.31420552907287,1.28809757273634,1.26431799381814,1.24264225518043,1.22286983181324,1.20482127495695,1.18833569153711
male,75,2.22068783486577,2.10687508887135,2.00507634109903,1.91381822152716,1.8318377868253,1.75804856240772,1.69151251595954,1.63141687956365,1.57705493976945,1.52781007897676,1.48314248460767,1.44257805057409,1.40569908326935,1.37213649556837,1.34156323022785,1.31368870116038,1.288254079359,1.26502828142845,1.24380454407785,1.22439748863504,1.20664059653657
male,76,2.18687171628295,2.07580122455692,1.97651896456048,1.8875697673417,1.80770755137683,1.7358614343571,1.67110777947192,1.61264709129719,1.55978487912296,1.51191576999135,1.46851028713161,1.42910381776044,1.39328738212796,1.3606998870922,1.33102160552393,1.30396867000955,1.27928840768479,1.25675537425605,1.23616797069623,1.21734554682792,1.20012591291384
male,77,2.16208552053098,2.05308803595666,1.95568990104222,1.86845506978568,1.79015436515647,1.71973189074588,1.65627733048967,1.59900305947797,1.54722519016852,1.5003478415967,1.45785005164594,1.41927485995226,1.38422017629915,1.35233112024653,1.32329357533517,1.29682874802878,1.27268855963763,1.25065173045877,1.23052044060661,1.21211747257546,1.19528375735199
male,78,2.13893583819255,2.03187689039976,1.93624048602253,1.85060848811375,1.7737675513394,1.70467581425932,1.64243543626276,1.58626990956356,1.53550527663135,1.48955454562744,1.44790472800155,1.41010602919453,1.37576281008584,1.34452600723138,1.31608675714055,1.29017101633986,1.26653500678712,1.24496134697396,1.22525575411354,1.20724422323109,1.19077060562858
male,79,2.10273302214118,1.99874886721752,1.90591763044832,1.82284557744749,1.74834145843522,1.68138343440172,1.62109182153861,1.56670658775847,1.517568734587,1.47310485948101,1.43281432485831,1.39625856661717,1.36305216136621,1.33285534178067,1.30536770652544,1.28032291753097,1.25748421509524,1.23664061194719,1.21760365237084,1.20020464282745,1.18429227709575
male,80,2.14366761988765,2.03565448642912,1.93920067634074,1.85286857652477,1.77542835093102,1.70582413634816,1.6431461705726,1.58660776728031,1.5355262549048,1.48930716145597,1.44743106077998,1.40944260415572,1.37494134912036,1.34357406888213,1.31502828374211,1.28902680314466,1.26532310536124,1.24369741304916,1.22395334836288,1.20591507202311,1.18942482765318
male,81,2.10067525579855,1.99631203797459,1.90319546775166,1.81991449120195,1.74526365906482,1.67820948167875,1.61786270856082,1.56345544642191,1.51432223266538,1.46988434626019,1.42963677160229,1.39313733948656,1.35999765738927,1.32987551277991,1.3024684912786,1.27750859869098,1.25475771434396,1.23400373438002,1.21505728909468,1.19774893911616,1.18192677211371
male,82,2.05713736927055,1.95650762170246,1.8667936689587,1.78661489672075,1.71479333462423,1.6503203255851,1.59232908196543,1.54007204760954,1.49290218721607,1.45025748867194,1.41164809712995,1.37664560764867,1.34487413089724,1.31600281761727,1.28973958535519,1.26582583796167,1.24403200654959,1.22415377167054,1.20600885175516,1.18943426345655,1.17428397632073
male,83,2.00503311699946,1.90896369967469,1.82339002065129,1.74697298201488,1.67857157759355,1.61721013410275,1.56205135632666,1.51237410882462,1.46755506672747,1.42705353042173,1.39039883049852,1.35717985608975,1.32703632633873,1.29965149507224,1.27474603584656,1.25207290093334,1.23141298551952,1.21257145906072,1.19537465067923,1.17966739581389,1.16531076788266
male,84,1.96365726825666,1.87067205086597,1.78799814235509,1.71429684459481,1.6484305142117,1.58942897066393,1.53646189098364,1.48881608673279,1.44587676602912,1.40711205156854,1.37206016185848,1.34031877341834,1.31153617138844,1.28540386877308,1.2616504336334,1.24003631153514,1.22034946954805,1.20240171978923,1.18602560628116,1.17107175987392,1.1574066430644
male,85,1.98277278572814,1.88711765687511,1.80217172407972,1.7265316047746,1.65900623835196,1.59858124487389,1.54438965216533,1.49568781487007,1.4518355700087,1.41227985270088,1.37654114095354,1.34420221620866,1.31489882190142,1.28831187982158,1.26416098701467,1.24219896707238,1.2222072911838,1.20399221806656,1.18738152933805,1.17222175921461,1.15837583560348
male,86,1.95235114493341,1.85857963943327,1.77548736112237,1.70164825221336,1.63585538499113,1.57708380303469,1.52446003964655,1.47723707644724,1.43477373776624,1.39651770505112,1.36199148840547,1.33078081633676,1.3025250053436,1.27690895254229,1.25365646072903,1.23252465901097,1.21329932577804,1.19579095624137,1.17983144558055,1.16527128217663,1.15197716447658
male,87,1.92123175559953,1.82956222408029,1.74849628450581,1.67659407539424,1.6126399778222,1.55560426227183,1.50461165994586,1.45891557261913,1.41787687724733,1.38094647780077,1.34765091586348,1.31758048050228,1.29037936248867,1.26573748277977,1.24338369398419,1.22308010939092,1.20461735948295,1.18781061268407,1.17249622700923,1.15852892361253,1.14577939301032
male,88,1.89477874459043,1.80504190254418,1.72580486172602,1.65562452241356,1.59328467136298,1.53775694504384,1.48816886365027,1.44377762063628,1.40394856039284,1.36813747754814,1.33587603417074,1.30675972312546,1.28043791283407,1.25660559547057,1.23499653101457,1.21537753670626,1.1975437178102,1.18131447324184,1.16653014019177,1.15304916673513,1.14074572162065
male,89,1.86701328939608,1.77963373361541,1.70255764361356,1.63435715613839,1.5738303524126,1.51996222661107,1.47189273964118,1.42889063881924,1.39033197282231,1.35568243288814,1.32448281461504,1.29633702714505,1.27090218388004,1.24788039594607,1.22701196024084,1.20806969119523,1.19085419188106,1.17518989784956,1.1609217577467,1.14791243966521,1.13603997244587
male,90,1.84670632408579,1.76119116905695,1.68579916541907,1.61912133205305,1.55997241069183,1.50735213509245,1.4604135391433,1.41843699236222,1.38080889861507,1.3470041943279,1.3165719449065,1.28912346974266,1.26432253292779,1.24187722334793,1.22153321803492,1.20306817960129,1.18628708480512,1.17101831881176,1.15711040018965,1.14442922643355,1.1328557499307
male,91,1.79074882815354,1.71067316805582,1.64014530928354,1.57782490625831,1.52258591283145,1.4734793209829,1.42970268750448,1.39057518235958,1.35551713139322,1.3240332196969,1.29569867884078,1.2701479083564,1.24706508494063,1.22617639643368,1.20724360540734,1.1900587021831,1.17443945171506,1.16022567498445,1.14727613495579,1.13546592102814,1.12468424532376
male,92,1.72065598767626,1.64749910919199,1.58313638290638,1.52632106872677,1.47600733601342,1.43131515770131,1.39150161693715,1.35593742834488,1.32408770225124,1.29549616347875,1.26977218481817,1.24658011564105,1.22563048366048,1.20667272692914,1.18948917728809,1.17389006848795,1.159709384398,1.14680139695909,1.1350377713328,1.12430513827269,1.11450305208288
male,93,1.63862833664048,1.5735118813688,1.51632094516623,1.4659156953213,1.42134204234738,1.38179896076596,1.34661180122618,1.31521047267433,1.28711158523044,1.26190381612216,1.23923590012963,1.21880675871138,1.20035737332843,1.1836640825275,1.16853304237221,1.15479563848849,1.14230467747159,1.13093121743456,1.120561923474,1.11109685493351,1.10244760848588
male,94,1.55741754150348,1.50017912979666,1.45002639525128,1.4059212630352,1.36699717918633,1.33252868185512,1.30190657594898,1.27461766018591,1.25022815443238,1.22837013628251,1.20873042632436,1.19104146725936,1.17507382770372,1.16063003092372,1.14753946502702,1.13565417675117,1.12484538798172,1.11500060413538,1.10602120788456,1.09782045145365,1.0903217767538
male,95,1.47223326657198,1.42311133610993,1.38023558551494,1.34266556801232,1.30961928492711,1.28044475581694,1.25459685494222,1.23161842341356,1.21112485407218,1.19279149818329,1.1763433661527,1.16154669421512,1.14820202984084,1.13613855407154,1.12520941204276,1.11528786594248,1.10626411950445,1.09804269138892,1.09054023771577,1.08368374260018,1.07740901062029
male,96,1.39588664194419,1.35400247921248,1.31761636253021,1.2858750989509,1.25807220540931,1.23362128160544,1.212034344299,1.19290418703247,1.17589000689975,1.16070568378644,1.14711021396453,1.13489989423795,1.12390192922318,1.11396919622436,1.10497595228756,1.09681430863016,1.08939133054996,1.08262664758847,1.07645048034182,1.07080200783952,1.06562801362487
male,97,1.32619139058501,1.29080480848903,1.26026462817362,1.23379037047514,1.21073896243291,1.19057947854176,1.17287261867144,1.1572540262946,1.14342072099673,1.13112005714368,1.1201407322351,1.11030545887653,1.10146498750702,1.09349322630054,1.08628325266874,1.07974404967736,1.07379783218574,1.06837785303511,1.0634266002844,1.05889431324485,1.05473775864081
male,98,1.26847797796706,1.23846947148366,1.21276432694461,1.19064350274638,1.17151736235677,1.1549016116659,1.14039777428155,1.12767734368409,1.11646891499613,1.1065477317489,1.09772719039186,1.08985193220818,1.08279222266501,1.07643937519646,1.07070202254277,1.06550307611751,1.0607772441169,1.05646900357669,1.05253094141628,1.04892239557529,1.04560834036076
male,99,1.24562670920151,1.21819564532675,1.19469758483474,1.17447531246705,1.15698990429904,1.14179873005709,1.12853760411803,1.1169062979532,1.10665677657012,1.09758364275824,1.08951637110304,1.08231299319543,1.07585495979497,1.07004295778922,1.06479350196141,1.06003615572339,1.05571126262008,1.05176809280171,1.04816332679402,1.04485981358313,1.04182555192962
male,100,1.23726341469262,1.2108736595173,1.18823669473425,1.16872967585418,1.15184140619576,1.13715161890998,1.12431416223715,1.11304334770747,1.10310286181957,1.09429675573023,1.08646211977491,1.07946312435199,1.07318616919146,1.0675359320036,1.0624321471567,1.05780697714295,1.05360286559411,1.0497707816667,1.04626878267288,1.04306083564858,1.0401158497428
male,101,1.2182207689503,1.1939582838209,1.17314562142774,1.15521021929089,1.13968215261743,1.12617508782644,1.11437082445044,1.10400674483476,1.09486562052188,1.08676732901164,1.07956211943162,1.07312513433862,1.0673519504819,1.06215494638273,1.05746034104057,1.05320577759592,1.04933834968507,1.04581298758169,1.04259113690066,1.03963967534054,1.03693002323081
male,102,1.20145036858222,1.17906109800854,1.15985460562754,1.14330269473176,1.1289718509068,1.11650567194121,1.10561060795768,1.09604438394231,1.0876065962789,1.08013107157485,1.0734796543323,1.06753715338044,1.06220722828396,1.05740903847643,1.05307451149751,1.04914611394414,1.04557503079804,1.04231967665112,1.03934447681498,1.03661886801763,1.03411647788211
male,103,1.18664607791258,1.16590909714067,1.1481194275608,1.13278798922086,1.11951337018846,1.10796555822072,1.09787273739615,1.08901056840202,1.08119348175178,1.07426760272411,1.06810499928271,1.06259900290375,1.05766039973626,1.05321432797707,1.04919774848024,1.04555738083474,1.04224801756238,1.03923114562379,1.03647381781351,1.03394772747374,1.03162844874483
male,104,1.17361395312652,1.15433046907974,1.13778724516215,1.12352959155293,1.11118432011437,1.1004446204334,1.09105778521983,1.0828152446474,1.0755444720254,1.06910240640874,1.06337010512415,1.05824839373083,1.05365432509114,1.04951829497778,1.04578169059203,1.04239497180763,1.03931610393663,1.03650927618666,1.03394385242948,1.03159351098653,1.02943553830724
male,105,1.16220934356694,1.14419715918529,1.12874419773417,1.11542583436822,1.10389355540135,1.09386083472314,1.0850916710979,1.07739128167851,1.07059854306979,1.06457984899065,1.05922411649837,1.05443872367128,1.05014620288222,1.04628154718153,1.04279001434157,1.03962533500408,1.03674824909828,1.03412530905338,1.03172789995637,1.0295314362246,1.02751470199211
male,106,1.16228065265148,1.14426460568561,1.12880799585415,1.11548618501667,1.10395064731738,1.09391484545509,1.08514276786073,1.07743962211016,1.07064427590289,1.06462311465318,1.05926504765422,1.05447744570976,1.05018283436379,1.0463162002459,1.04282279508305,1.03965634381838,1.03677758100416,1.03415305399195,1.03175414307047,1.02955625812022,1.02753817898368
male,107,1.16234465362623,1.14432511433593,1.12886521213082,1.11554029519539,1.10400182536674,1.0939632542024,1.08518855999197,1.07748294103327,1.0706852564982,1.06466188393035,1.05930172533133,1.05451214472724,1.05021566134375,1.04634725590521,1.04285217460717,1.03968413720157,1.0368038733608,1.03417792584271,1.03177767060664,1.02957851344867,1.02755923035479
male,108,1.16240200907962,1.14437933114829,1.12891647312636,1.11558877001963,1.1040476719122,1.09400661981282,1.08522958248532,1.07752174957627,1.07072197235879,1.06469662112951,1.05933459121171,1.05454324045278,1.05024508234163,1.04637509225961,1.04287851141242,1.03970905488087,1.03682744795559,1.03420022927692,1.03179877092918,1.02959847505698,1.02757811420179
male,109,1.16245336428721,1.14442787444928,1.12896237005368,1.11563217374673,1.10408872465899,1.09404545402634,1.08526632183666,1.0775565098072,1.07075486200532,1.06472774214436,1.05936403950351,1.05457110635647,1.05027145103179,1.04640004411626,1.04290212234698,1.03973139662867,1.03684858833997,1.03422023244926,1.03181769758807,1.02961638264969,1.02759505710999
male,110,1,1,1,1,1,1,1,1,1,1,1,1,1,1,1,1,1,1,1,1,1
female,0,,,,,,,,,,,,,,,,,,,,,
female,1,,,,,,,,,,,,,,,,,,,,,
female,2,1,1,1,1,1,1,1,1,1,1,1,1,1,1,1,1,1,1,1,1,1
female,3,1,1,1,1,1,1,1,1,1,1,1,1,1,1,1,1,1,1,1,1,1
female,4,1,1,1,1,1,1,1,1,1,1,1,1,1,1,1,1,1,1,1,1,1
female,5,1,1,1,1,1,1,1,1,1,1,1,1,1,1,1,1,1,1,1,1,1
female,6,1,1,1,1,1,1,1,1,1,1,1,1,1,1,1,1,1,1,1,1,1
female,7,1,1,1,1,1,1,1,1,1,1,1,1,1,1,1,1,1,1,1,1,1
female,8,1,1,1,1,1,1,1,1,1,1,1,1,1,1,1,1,1,1,1,1,1
female,9,1,1,1,1,1,1,1,1,1,1,1,1,1,1,1,1,1,1,1,1,1
female,10,1,1,1,1,1,1,1,1,1,1,1,1,1,1,1,1,1,1,1,1,1
female,11,1,1,1,1,1,1,1,1,1,1,1,1,1,1,1,1,1,1,1,1,1
female,12,1,1,1,1,1,1,1,1,1,1,1,1,1,1,1,1,1,1,1,1,1
female,13,1,1,1,1,1,1,1,1,1,1,1,1,1,1,1,1,1,1,1,1,1
female,14,1,1,1,1,1,1,1,1,1,1,1,1,1,1,1,1,1,1,1,1,1
female,15,1,1,1,1,1,1,1,1,1,1,1,1,1,1,1,1,1,1,1,1,1
female,16,1,1,1,1,1,1,1,1,1,1,1,1,1,1,1,1,1,1,1,1,1
female,17,1,1,1,1,1,1,1,1,1,1,1,1,1,1,1,1,1,1,1,1,1
female,18,1,1,1,1,1,1,1,1,1,1,1,1,1,1,1,1,1,1,1,1,1
female,19,1,1,1,1,1,1,1,1,1,1,1,1,1,1,1,1,1,1,1,1,1
female,20,1.00189580510047,1.00180460590846,1.00171779391729,1.001635158078,1.00155649749425,1.00148162093392,1.00141034636421,1.0013425005091,1.00127791842812,1.00121644311533,1.00115792511766,1.00110222217155,1.00104919885712,1.00099872626892,1.0009506817026,1.00090494835653,1.00086141504793,1.0008199759425,1.00078053029719,1.00074298221522,1.00070724041301
female,21,1.00246671936461,1.00234791701457,1.00223484233151,1.00212721865101,1.00202478271952,1.00192728404002,1.00183448424994,1.0017461565299,1.0016620850414,1.00158206439237,1.00150589912891,1.00143340325201,1.00136439975799,1.00129872020151,1.00123620427994,1.00117669943812,1.00112006049242,1.00106614927319,1.0010148342847,1.00096599038162,1.00091949846134
female,22,1.00318975991261,1.00303569280119,1.00288909406518,1.00274959928519,1.00261686203937,1.00249055299487,1.00237035904699,1.00225598250336,1.00214714031062,1.00204356332124,1.00194499559827,1.00185119375597,1.00176192633435,1.00167697320578,1.00159612501193,1.00151918262947,1.00144595666292,1.00137626696322,1.00130994217077,1.00124681928146,1.00118674323466
female,23,1.00400767122798,1.00381350679679,1.00362880870562,1.00345311010847,1.00328596766587,1.00312696031681,1.00297568811895,1.00283177115297,1.00269484848716,1.00256457719857,1.0024406314474,1.00232270160145,1.00221049340771,1.00210372720827,1.00200213719817,1.00190547072253,1.0018134876109,1.00172595954671,1.00164266946977,1.00156341101,1.00148798795072
female,24,1.00488979146564,1.00465227693444,1.00442639857351,1.00421157733336,1.00400726380668,1.00381293663332,1.00362810099856,1.00345228721839,1.00328504940618,1.00312596421553,1.0029746296543,1.00283066396548,1.00269370457059,1.00256340707178,1.00243944430913,1.00232150546961,1.0022092952448,1.0021025330343,1.0020009521922,1.00190429931412,1.00181233356235
female,25,1.01032062581226,1.00974758113124,1.00921316683681,1.00871393641568,1.00824683760585,1.00780916049294,1.00739849285964,1.00701268175194,1.00664980037491,1.00630811955884,1.00598608314546,1.00568228673764,1.00539545933597,1.00512444745397,1.00486820136237,1.00462576316292,1.00439625643508,1.00417887723579,1.00397288626377,1.00377760202679,1.00359239487332
female,26,1.01928239220302,1.01807211867029,1.01696136773631,1.01593938313951,1.01499678820017,1.01412539483432,1.01331803977886,1.01256844411112,1.01187109271217,1.0112211308067,1.01061427512654,1.0100467375989,1.00951515976327,1.00901655638002,1.00854826691543,1.00810791377735,1.00769336633818,1.00730270992015,1.00693421903716,1.0065863342885,1.00625764238695
female,27,1.0331272168427,1.03079599270725,1.02868512911997,1.02676835706471,1.02502293687191,1.02342916073188,1.02196992655413,1.02063037287932,1.01939756603832,1.01826023202569,1.01720852664415,1.01623383840724,1.0153286194845,1.01448624065429,1.01370086681246,1.01296735008349,1.01228113800695,1.01163819463701,1.0110349327047,1.01046815525935,1.00993500543414
female,28,1.05094122353263,1.04698688651408,1.04344434335017,1.04026166788446,1.03739407794848,1.0348029195442,1.03245479715599,1.03032082908611,1.02837600976014,1.02659866356011,1.02496997697586,1.02347359777553,1.02209529152947,1.02082264721928,1.01964482485879,1.01855233907587,1.01753687347849,1.01659112137622,1.01570864906793,1.01488377845377,1.01411148619757
female,29,1.06931952865878,1.06347466391881,1.05828261453019,1.05365805510832,1.04952756710158,1.0458279371527,1.04250470067499,1.03951089520452,1.03680599321664,1.03435498847959,1.03212761376881,1.03009767097264,1.02824245736382,1.02654227415762,1.02498000548413,1.02354075761903,1.02221154978498,1.02098104909192,1.01983934325827,1.01877774567383,1.01778862815115
female,30,1.12473379617963,1.11008109253027,1.09759337132781,1.08691946431493,1.07776736520506,1.06989406724982,1.06309716921563,1.05720793891063,1.05208557850594,1.04761248116238,1.04369030567056,1.04023672638661,1.03718274088383,1.03447043841517,1.032051149291,1.02988390927444,1.02793418462061,1.02617281287645,1.02457512237578,1.02312019980784,1.02179028054915
female,31,1.14247658650274,1.12533887759907,1.11074292078663,1.09827966358502,1.08760819060461,1.07844415353034,1.07055019317166,1.06372800668137,1.05781177404034,1.05266270808575,1.04816453365943,1.04421973545176,1.04074644211705,1.03767583730347,1.03495000725137,1.03252015028705,1.03034508646565,1.02839001628234,1.0266254861745,1.02502652580746,1.02357192814126
female,32,1.1560142827184,1.13671421419907,1.12030001158095,1.10630868513721,1.09435384393241,1.08411278595452,1.07531579518629,1.06773726377279,1.06118832420162,1.05551073139402,1.05057177990321,1.04626007874971,1.04248203720434,1.03915894021767,1.03622451314277,1.03362289269033,1.03130693533479,1.02923680618746,1.02737880110309,1.02570436284889,1.02418925883462
female,33,1.16612809668855,1.14509450336627,1.12722848910998,1.11202259908436,1.09905297403199,1.08796533036481,1.07846332551316,1.07029889764105,1.06326424039597,1.05718513233882,1.05191538932598,1.04733224822217,1.04333252341595,1.03982940492684,1.03674978945145,1.03403205433284,1.03162419984066,1.02948229788657,1.02756919583564,1.02585343279522,1.02430833298305
female,34,1.17481499069707,1.15231403913911,1.13321687726505,1.11697899253287,1.10314527089165,1.09133506039251,1.08122976662969,1.0725625453479,1.06510973302352,1.05868371846325,1.05312700980643,1.04830729368951,1.04411331831484,1.04045146106152,1.03724286515317,1.03442104963657,1.03192991325019,1.02972206627018,1.02775743560313,1.0260020976571,1.0244273011958
female,35,1.29583784064334,1.24482731541495,1.20419139273836,1.17163960011523,1.14541636508947,1.12417074378037,1.10685888160349,1.09267079233947,1.08097524038334,1.07127812827488,1.06319098254254,1.05640700893993,1.05068283636699,1.04582454798999,1.04167695290746,1.03811531487867,1.03503895016564,1.03236625210456,1.03003080860995,1.02797836000112,1.02616440538163
female,36,1.31601097232631,1.26079907757821,1.21688049800162,1.18175384789422,1.1535031703448,1.13065515146492,1.11207224360815,1.09687246258685,1.08436903766286,1.07402486854811,1.06541805103939,1.05821569677754,1.05215398414926,1.04702290333805,1.04265454795286,1.038914094449,1.03569282509149,1.03290270989054,1.03047218203139,1.02834283033687,1.02646679899183
female,37,1.35511329110651,1.29054822198618,1.23960574347997,1.19918720944374,1.16693565627306,1.14105158685024,1.12015574729061,1.10318667823554,1.08932404253855,1.07793109439622,1.06851139090558,1.06067612345882,1.05411938596781,1.04859938935814,1.04392414274552,1.03994049929531,1.03652574421013,1.03358110944159,1.03102675355508,1.0287978596334,1.02684158944089
female,38,1.41103879849842,1.33272265640546,1.27155015581905,1.22349996827614,1.18553770514677,1.1553659183661,1.13123884206111,1.11182484979176,1.09610412764203,1.08329237686216,1.07278378754744,1.06410830508793,1.05689951767452,1.05087045295244,1.04579527772371,1.04149541421839,1.03782896946862,1.03468265702217,1.03196559920026,1.02960455281509,1.02754021600221
female,39,1.47294547224716,1.37896320768902,1.30620996639107,1.24958043760069,1.20524685711068,1.17033059544006,1.14265973216398,1.12058981914859,1.10287113199949,1.08855016537837,1.07689638714132,1.0673476515625,1.05946941880645,1.05292420814566,1.0474486515869,1.04283620411453,1.03892407354079,1.03558330582527,1.03271123640512,1.03022572069112,1.02806070655593
female,40,1.532892828395,1.42343298066313,1.33928207627645,1.27424506182927,1.22369781711725,1.18417936151797,1.15309159481283,1.12847791315537,1.10885973454157,1.09311558600816,1.08039150891454,1.07003453852714,1.06154320812498,1.05453063349691,1.04869690961326,1.04380841311564,1.03968223649551,1.03617444404705,1.03317118088542,1.0305819173996,1.02833429649721
female,41,1.56154147400309,1.44387235926808,1.35377315599549,1.28442931995551,1.23076674467538,1.1889976079208,1.15628643144713,1.13050422698401,1.11004724360075,1.09370313853417,1.08055199826397,1.06989300013131,1.06118996297228,1.05403083280693,1.04809746496045,1.04314302714397,1.03897505383674,1.03544269998858,1.0324271221089,1.02983419410717,1.02758897074197
female,42,1.56633764979719,1.44660820883042,1.35509181392329,1.28478634825784,1.23048327435228,1.18829864148927,1.15532841868405,1.12939489127667,1.10885981385263,1.09248654568408,1.07933816384144,1.06870203170136,1.06003384504606,1.05291603804731,1.04702679206155,1.04211688612179,1.03799235757965,1.03450147622211,1.03152492767504,1.02896839020176,1.02675690100161
female,43,1.54638834905912,1.43124068954867,1.34314533123574,1.27540365916591,1.22302995345336,1.18230405789197,1.15044252403966,1.12535655464601,1.1054735940279,1.08960563286753,1.07685183556156,1.06652641460209,1.05810509989037,1.05118532281205,1.04545653130086,1.04067800126506,1.03666220519677,1.03326230877353,1.0303627406003,1.02787205529228,1.02571751242698
female,44,1.50001015216537,1.39698192694099,1.31772801843013,1.25644038893154,1.20878162301244,1.17150356719531,1.14216646615139,1.11893182250753,1.10040939311834,1.08554398181525,1.0735315221064,1.06375674547309,1.05574678045967,1.04913652781759,1.04364275565834,1.03904466393322,1.03516925842519,1.03188030835733,1.02906998072333,1.02665247923696,1.02455918883183
female,45,1.42910087019438,1.344563150076,1.27881976026934,1.2274121025163,1.18698567504542,1.15500842382246,1.12956243087714,1.10918957159039,1.09277693823719,1.07947160544517,1.06861707880762,1.059705793607,1.05234351555972,1.04622258497985,1.04110174585502,1.03679088951061,1.03313947542694,1.03002771076644,1.02735980555039,1.02505879437022,1.02306254427019
female,46,1.36313932751308,1.29649958779371,1.24372865323759,1.20171905514092,1.16809779662197,1.14104569342619,1.11916247043974,1.10136577855949,1.08681540437641,1.07485622804615,1.0649751633902,1.05676854998864,1.04991737776539,1.04416839667119,1.03931966076937,1.03520942366707,1.03170757479837,1.02870900850605,1.02612846851885,1.02389652276394,1.02195640741911
female,47,1.32309502956819,1.2679156293098,1.22334857446246,1.18719505178341,1.15773990014598,1.13363980737931,1.11383840934944,1.09750161225676,1.08396815733572,1.07271170575923,1.06331165589972,1.05543059994641,1.04879684459014,1.04319080699602,1.03843438645854,1.03438262897693,1.03091716498435,1.02794102329556,1.02537451714813,1.02315196853612,1.02121909047572
female,48,1.34971745437408,1.28950117294762,1.24090511159497,1.20151166699238,1.16943807194289,1.14321192312132,1.12167686767335,1.10392091253153,1.08922174734604,1.07700489775541,1.06681158234445,1.058273930968,1.05109580537799,1.04503789766243,1.03990610646175,1.03554243370676,1.03181782671065,1.02862652735734,1.02588159334055,1.02351133443238,1.02145646591579
female,49,1.38588508775489,1.31934762739784,1.26560004542191,1.22199015437796,1.18645175216363,1.15736816631875,1.13346891966705,1.11375122158759,1.09742011559292,1.08384268598534,1.07251289042952,1.0630244486414,1.05504985887251,1.04832409139985,1.04263186445016,1.03779767429673,1.03367795082945,1.03015485981912,1.02713138602373,1.02452741658572,1.02227660879481
female,50,1.43272955870709,1.35825448307577,1.29799106489303,1.24901292671315,1.2090369772756,1.17627405321257,1.14931576908548,1.1270485078827,1.10858780960251,1.09322813436736,1.0804042488912,1.06966142858167,1.06063236839234,1.05301921715425,1.04657953915575,1.04111529755173,1.03646417209351,1.0324926873733,1.02909075109379,1.02616729503598,1.02364678199667
female,51,1.49010548521601,1.40832859619993,1.34160602657969,1.28694201287794,1.24198029039472,1.20485906527685,1.17410050874388,1.14852625118036,1.12719251354842,1.10934011581002,1.0943557925448,1.08174213202204,1.07109411570251,1.06208072881401,1.05443048230307,1.04791996391684,1.04236474494096,1.03761212663815,1.03353532962507,1.03002881989425,1.02700453407889
female,52,1.53080661083592,1.44459171101975,1.37376870416732,1.31536252896864,1.26701753644425,1.22685980572871,1.19339172192969,1.16541095260007,1.14194793021499,1.12221741539754,1.10558080978828,1.0915167046911,1.07959776315684,1.06947249168498,1.06085080226798,1.05349252501937,1.04719822759934,1.04180184604934,1.0371647443521,1.03317090590105,1.02972302570349
female,53,1.56942030302419,1.47939896379651,1.40497237068836,1.34321106979641,1.2917807455733,1.24881251674517,1.2128031538798,1.18253801866251,1.15703130901611,1.1354795274475,1.11722508781023,1.10172772365473,1.08854192305044,1.0772990374282,1.06769303071344,1.05946907593021,1.05241438901657,1.04635082831925,1.04112889396905,1.03662284218327,1.03272669156658
female,54,1.61404371507649,1.51940853094025,1.44070269825427,1.37501619188137,1.32001580102779,1.27382195306128,1.23491348666791,1.20205374204446,1.17423295877283,1.15062318975497,1.13054285458493,1.11342874434851,1.09881380899405,1.08630945056812,1.07559134245958,1.06638802002722,1.05847165931395,1.05165059123492,1.04576319860691,1.04067292012172,1.0362641444625
female,55,1.71656974416634,1.60938183892647,1.51961087142806,1.44418691227702,1.38062886419762,1.32692216733285,1.28142363713832,1.24278711305323,1.2099051191346,1.18186288593692,1.15790194964831,1.1373911998629,1.11980374380344,1.10469833159246,1.0917043737629,1.08050980070819,1.07085118080473,1.06250564198417,1.05528423998892,1.04902649249849,1.0435958571149
female,56,1.79472986033768,1.67895241784397,1.58143094805116,1.49904327178845,1.42924966176037,1.36997471383801,1.319514916608,1.27646602978522,1.23966578025402,1.20814844319374,1.18110867853505,1.15787260270464,1.13787453950336,1.12063824759235,1.10576169222083,1.09290463570911,1.08177848003235,1.07213791713891,1.06377403707532,1.05650861716167,1.05018937235335
female,57,1.88242118762912,1.75721672980721,1.65117704457401,1.56112143641409,1.484446248517,1.41901061969882,1.36304660031632,1.31508813861061,1.27391473242294,1.23850651747688,1.20800830701946,1.18170066489313,1.15897652763537,1.13932222315234,1.12230198822937,1.10754528305355,1.09473635199504,1.08360559671454,1.07392241827325,1.06548925543044,1.05813660137338
female,58,1.97850343761378,1.84324733929921,1.72810213119314,1.62982667165867,1.5457519116628,1.47367029950813,1.41174830050629,1.35845691101095,1.31251622565564,1.27285101773344,1.23855498205592,1.20886181788702,1.18312173502952,1.16078227797702,1.14137260336811,1.1244905316213,1.10979183739628,1.09698135517356,1.08580556320758,1.07604637706473,1.06751593724548
female,59,2.0788544445219,1.93351866395882,1.80919158559575,1.70258213565033,1.61096495223831,1.53207351867783,1.4640152027424,1.40520342923246,1.35430329613177,1.31018777557357,1.27190227934742,1.23863586005043,1.20969769777239,1.18449781474744,1.16253118681154,1.143364596126,1.12662570619639,1.11199394670596,1.09919287896465,1.08798377811385,1.07816021966464
female,60,2.23900347556281,2.07652883587499,1.93682913910968,1.81644955486343,1.71251095351953,1.62260411017887,1.5447050994654,1.47710735256349,1.41836685831814,1.3672577691923,1.32273627419442,1.28391106578692,1.25001908782366,1.2204055309203,1.19450725886549,1.17183901894861,1.15198192132038,1.13457377609764,1.1193009583184,1.10589153500881,1.09410943936337
female,61,2.29416561742953,2.12856050022256,1.98559834146665,1.86192395467743,1.75472985419245,1.66165732436736,1.58071701746775,1.51022496166219,1.4487507677482,1.3950755253055,1.34815742297215,1.30710354967711,1.27114666176437,1.2396259564142,1.21197109107754,1.18768884447468,1.1663519368437,1.14758962309476,1.13107974815249,1.11654201354397,1.10373225169283
female,62,2.30742742056332,2.1439941650163,2.0024019339692,1.87948004965089,1.77256665258164,1.67941805666125,1.59813578539875,1.5271076028233,1.46495965508072,1.41051746196883,1.36277398230721,1.32086335440697,1.28403920718986,1.25165666738005,1.2231573680852,1.19805690515093,1.17593429854153,1.15642310334804,1.13920388402686,1.12399782013749,1.11056125529159
female,63,2.2890657439513,2.13153212180265,1.99460846993509,1.87535645180632,1.7713026217343,1.68035652015792,1.60074458831969,1.53095663752646,1.46970231092182,1.4158755234331,1.36852529291728,1.32683170938804,1.29008605037824,1.25767425511789,1.22906313080189,1.20378879049702,1.18144692173428,1.16168456340602,1.14419313079375,1.1287024779318,1.11497582582535
female,64,2.25184831800562,2.10219457801283,1.97173451089763,1.85777512079871,1.7580445160718,1.67061837603855,1.59386050248857,1.52637457609801,1.46696485117243,1.41460400169388,1.36840670706666,1.32760786016288,1.29154451112477,1.25964084177799,1.23139560826679,1.20637160206139,1.1841867683744,1.16450669137415,1.14703821139062,1.13152398369086,1.11773782379016
female,65,2.26366021783082,2.11595634604973,1.98678304193189,1.87359129956257,1.77422412312334,1.68684901779905,1.60990325147406,1.54204930787709,1.48213849416694,1.42918109162153,1.38232177250866,1.34081926921548,1.30402948879049,1.27139142930757,1.2424153833582,1.2166730159085,1.1937889845076,1.17343383392857,1.15531794830745,1.13918638449591,1.12481444283633
female,66,2.21483916419489,2.07574303625731,1.95379734888854,1.84667226055104,1.7523933862731,1.66928094049119,1.5959003181357,1.53102182326238,1.47358773112577,1.42268524489414,1.37752420399304,1.33741863439901,1.30177141546665,1.27006148354943,1.24183310799733,1.21668686653809,1.19427201964196,1.17428004121231,1.15643910896302,1.14050939459654,1.12627902331683
female,67,2.17251846216296,2.04095869556315,1.92535579178487,1.823566427868,1.73377202522628,1.65442344369569,1.58419600417292,1.52195278923705,1.4667145932092,1.41763522656355,1.37398114325298,1.33511456814152,1.30047946697874,1.26958983236594,1.24201986316074,1.21739569742277,1.19538842479149,1.17570815663206,1.15809897416606,1.14233460831203,1.12821473182636
female,68,2.14494563525927,2.01908173379097,1.9082372269887,1.81041690130991,1.7239257797468,1.64731827332182,1.5793567635208,1.51897776037175,1.46526415849027,1.41742241274481,1.37476369262934,1.33668826290687,1.30267248782232,1.27225797525018,1.24504247192046,1.22067219639545,1.19883535673709,1.17925664796071,1.16169256290955,1.14592738108005,1.13176972474167
female,69,2.12970945243616,2.00807395362213,1.90071895809093,1.80576810104018,1.72162541543499,1.6469281240855,1.5805081228901,1.52136046189711,1.46861747153289,1.42152745231199,1.37943706198199,1.34177670577188,1.30804837225513,1.27781546647778,1.25069427912727,1.22634680013905,1.20447464083595,1.1848138733103,1.16713063154526,1.1512173475216,1.13688951869167
female,70,2.25692785756419,2.12480447550708,2.00779591644414,1.90396802529554,1.81166858745986,1.72948087903362,1.65618561145981,1.59072966175491,1.53220029822938,1.47980386610423,1.43284810071532,1.39072739849193,1.35291050587591,1.31893019040307,1.28837454154403,1.26087961577394,1.23612319403593,1.21381946293049,1.19371446571432,1.17558219720947,1.15922123934956
female,71,2.26541931630678,2.1352519695126,2.0197245652176,1.91698552575424,1.82545110709641,1.74376156580875,1.67074518406968,1.6053886619346,1.5468126778877,1.49425165252174,1.44703693754354,1.40458280253575,1.36637471244689,1.33195948556937,1.3009369995412,1.27295317546303,1.24769402058426,1.22488055060363,1.20426444538473,1.18562431835466,1.16876250127241
female,72,2.28130485850185,2.15243218562452,2.0378075185453,1.93564914257886,1.84443122772547,1.76284221592827,1.68975060902155,1.62417676760723,1.56526959993661,1.51228723591108,1.46458095499921,1.42158177657211,1.38278923359581,1.34776194116891,1.31610964436741,1.28748648871502,1.26158530410925,1.23813273142503,1.21688505207264,1.19762460593868,1.18015670353456
female,73,2.2909745247736,2.16410791737879,2.05102974468538,1.95003411465603,1.85965855388203,1.77864465574985,1.70590567225424,1.64049975887355,1.58160782856731,1.52851516979612,1.48059614382956,1.43730140600101,1.39814720002434,1.36270635885839,1.33060071379704,1.30149466861524,1.2750897402436,1.25111990360948,1.22934760760916,1.20956035298175,1.19156774220312
female,74,2.29078734708423,2.1669317222636,2.05631003107832,1.95730149286531,1.86851523988856,1.78875336033656,1.71698041078632,1.65229820818746,1.59392493605451,1.54117778123085,1.49345846457285,1.4502411478669,1.4110622956204,1.37551214840566,1.34322752769044,1.31388574339304,1.28719941703859,1.26291206721484,1.24079433151879,1.22064072155722,1.20226682578604
female,75,2.41002536953667,2.27839269035952,2.16043500824105,2.05452235877479,1.95925051430138,1.87340541868859,1.79593374222557,1.72591844834719,1.66255847001802,1.60515176087952,1.55308112206406,1.50580231586919,1.46283406709597,1.42374962569832,1.38816962363405,1.35575600702185,1.32620686396952,1.29925200043437,1.27464914257202,1.25218066533226,1.23165076446753
female,76,2.37067372777565,2.2427590233628,2.12817304922356,2.02531790820795,1.93281845045825,1.8494869938768,1.7742941359188,1.70634455160569,1.64485687836913,1.58914695526791,1.53861381962701,1.49272797418506,1.45102152722821,1.41307988084181,1.37853470149025,1.3470579552044,1.31835682879095,1.29216939036262,1.2682608684856,1.24642045045666,1.22645851755279
female,77,2.32664286154194,2.20295409473128,2.0921867727594,1.9927833931312,1.90340492562722,1.82289603615153,1.75025633408441,1.6846165484343,1.62521874204225,1.57139983858344,1.52257787143177,1.47824047251504,1.43793520787467,1.40126143863185,1.36786344458933,1.33742459530951,1.30966239226305,1.28432423720905,1.26118380769886,1.24003794158842,1.22070394958643
female,78,2.27096174738269,2.15214374212925,2.04585175888269,1.95055468407407,1.86493930648616,1.78787524622606,1.71838599977394,1.65562498548573,1.59885568216779,1.54743512227136,1.50080013833559,1.45845587258014,1.41996614990511,1.38494538795762,1.35305177758046,1.32398151546718,1.29746391031536,1.27325721590092,1.25114507067367,1.23093344481737,1.2124480131346
female,79,2.21089507232508,2.09699182977779,1.99526817848872,1.90420566611011,1.82250614187718,1.74905579527552,1.68289551940102,1.62319644012631,1.56923966898978,1.52039951355491,1.47612952162818,1.43595085147298,1.39944255411527,1.36623343013389,1.33599518531104,1.30843665989339,1.28329894717822,1.26035125046767,1.23938735456845,1.2202226101218,1.20269134707307
female,80,2.24878848319999,2.13068098882636,2.02527882431365,1.93098809662348,1.84644737851913,1.77048962633687,1.70211080911971,1.64044401808004,1.58473805577651,1.53433969125408,1.48867891897713,1.44725668238019,1.4096346226926,1.37542649475327,1.34429095737556,1.31592549933086,1.29006130552468,1.26645890333125,1.24490445786229,1.22520660841333,1.20719375746191
female,81,2.17009415208364,2.05818340738865,1.95856745786554,1.86966250497475,1.79012135173732,1.71879399170325,1.65469521089352,1.59697790985777,1.54491109558358,1.4978616896755,1.45527945871827,1.41668450211015,1.38165683761886,1.34982771010488,1.3208723180228,1.29450370848942,1.27046763735495,1.2485382278231,1.22851429135105,1.21021619912719,1.19348321243317
female,82,2.08891542312813,1.9833846168478,1.88971926687594,1.80634839239451,1.73194127484802,1.66536680657997,1.60566013727084,1.55199526669358,1.5036624864611,1.46004977944828,1.42062745258217,1.38493541411951,1.35257261637098,1.3231882739432,1.29647453988765,1.27216038085354,1.25000644001965,1.22980071531671,1.21135491193823,1.19450135374508,1.17909035900663
female,83,2.00800890287374,1.90886500893737,1.82114355428493,1.74329050917973,1.6739948182131,1.61214670521029,1.55680352179448,1.50716173706695,1.46253393012972,1.42232986133258,1.38604087170195,1.35322700071894,1.3235063267057,1.29654612660922,1.2720555270347,1.24977937929182,1.22949314066032,1.21099858423104,1.19412019229418,1.1787021147548,1.16460559561031
female,84,1.96107407141242,1.86463445084988,1.77965429868272,1.70452338864693,1.6378895645879,1.57861377571705,1.52573331397536,1.47843172227193,1.43601413145513,1.39788701809177,1.36354156491863,1.33253995964185,1.30450409243499,1.27910621356475,1.2560611945388,1.23512010265291,1.21606485275447,1.19870374381573,1.18286772345077,1.16840725237526,1.1551896642616
female,85,1.99721324092675,1.89601502760512,1.80698930589732,1.72840747650481,1.65881999748725,1.59700755987933,1.54194118864924,1.49274960099282,1.44869246902652,1.40913848919565,1.37354736753545,1.34145499752516,1.31246124311891,1.28621984966052,1.26243009468046,1.24082986299002,1.22118988923451,1.20330895873865,1.18700989617376,1.17213620299899,1.15854923015603
female,86,1.93816365891629,1.84119719179151,1.75621762425772,1.68147658017245,1.61551342383512,1.5571043416922,1.50522078780587,1.45899553797738,1.4176949294093,1.38069613171155,1.34746851291322,1.31755834065286,1.29057620175201,1.26618663929796,1.24409960032814,1.22406336339259,1.20585867705277,1.18929389048837,1.17420089804553,1.16043175256152,1.14785582909615
female,87,1.87990728452468,1.78755074624211,1.70687380067302,1.63613606503149,1.57388786967848,1.51891837235311,1.47021325640251,1.42692021271104,1.38832074592549,1.35380712167359,1.32286349511755,1.29505044235743,1.26999226298566,1.24736654103573,1.22689554796315,1.20833914943207,1.19148894102803,1.17616338938627,1.16220379689112,1.14947094190705,1.137842273938
female,88,1.82258295923218,1.73525769728962,1.65916777037503,1.5926121298548,1.53417696018336,1.48268409927222,1.43714901633379,1.39674654911648,1.3607829431745,1.32867301175733,1.29992145839897,1.27410758532012,1.25087275741284,1.22991011039787,1.21095608802793,1.19378347124158,1.17819562542394,1.16402174321116,1.15111290186064,1.13933878793942,1.12858496945071
female,89,1.76545379110414,1.68363490610078,1.61246633574798,1.5503179268635,1.49583682604033,1.44789747634461,1.40556089916108,1.36804151251581,1.33468006873397,1.30492156276832,1.27829717996957,1.25440952818305,1.23292054171512,1.213541560285,1.1960251797188,1.1801585470248,1.16575783399057,1.15266367329754,1.14073738157113,1.12985782656648,1.11991882228251
female,90,1.70877844450681,1.63301471071982,1.56715929425735,1.50968729265115,1.45933423783853,1.41504902433194,1.37595558885974,1.34132169231891,1.3105334676343,1.28307465038339,1.25850961415318,1.23646949871727,1.21664085367965,1.19875632923655,1.18258703402193,1.1679362515636,1.15463426487176,1.14253408569097,1.13150792305744,1.12144425670807,1.11224540595431
female,91,1.63883477826578,1.57074968607102,1.51159168066296,1.45998097811691,1.4147742471307,1.37502178378265,1.33993265696192,1.30884632162689,1.28120948212825,1.25655721868307,1.23449757703394,1.21469897273511,1.19687988414319,1.18080040753115,1.16625532822508,1.15306842687306,1.14108779279979,1.13018195923116,1.12023670989346,1.11115243464511,1.10284193463004
female,92,1.56585955429537,1.50579228951163,1.45361737222335,1.40810985832112,1.36825543675569,1.33321220136164,1.30227954563912,1.27487283673612,1.25050277984585,1.22875859069566,1.20929426099632,1.1918173371237,1.17607974197193,1.16187025874931,1.14900836745119,1.13733918304857,1.12672929167658,1.11706331939658,1.10824109914275,1.10017532662695,1.09278961638185
female,93,1.49301775993572,1.44080576874173,1.39548572026996,1.35598113308699,1.32140151504799,1.29100851292091,1.26418837855229,1.24042955907862,1.21930444503758,1.20045449351234,1.18357809185431,1.16842064771725,1.15476648847414,1.14243223192847,1.13126135409612,1.12111973157282,1.11189197792363,1.10347842750226,1.09579264764164,1.08875938247766,1.08231284976498
female,94,1.42252702436428,1.37771706360472,1.33887885433023,1.30506999541843,1.27551207280947,1.24956069328554,1.22668112155471,1.20642846172374,1.188431525337,1.17237969097745,1.15801219226171,1.14510937781808,1.13348557329044,1.12298324542985,1.11346822504816,1.1048257915486,1.09695745896625,1.08977833360788,1.08321493781818,1.07720341420653,1.07168804072517
female,95,1.35826753137394,1.32003882783625,1.28698367074602,1.25827365886051,1.23322591531868,1.21127635678199,1.19195797401049,1.17488317560544,1.15972942683985,1.14622756138219,1.13415226183391,1.12331430063909,1.11355421036699,1.10473711508161,1.09674850530177,1.08949078019209,1.08288041394637,1.07684563031967,1.07132449113604,1.06626332232218,1.06161541538085
female,96,1.29740886725577,1.26524691289626,1.23753870956453,1.21355709474897,1.19270418136896,1.17448746110147,1.15850040182795,1.1444066875406,1.13192741099532,1.12083066050321,1.11092304839236,1.1020428146039,1.0940542084627,1.0868429079982,1.08031228180971,1.07438033541218,1.06897721391731,1.06404315713728,1.05952682282798,1.05538390969034,1.05157602463311
female,97,1.24443843312801,1.21744002397211,1.19430006116514,1.17437283645679,1.15712910413928,1.14213439249232,1.1290314088669,1.1175257613004,1.10737436744746,1.09837604132551,1.09036384528304,1.08319887304844,1.07676519322711,1.0709657340305,1.06571893164916,1.06095599838603,1.05661869395765,1.05265750547001,1.04903015947256,1.04570040398785,1.04263701015464
female,98,1.19811881197493,1.1755786521987,1.15638641185292,1.13996609264014,1.12584719087911,1.11364490050829,1.10304406645967,1.09378617522071,1.08565880523891,1.07848706977072,1.07212667376928,1.06645827843897,1.06138292539232,1.05681831954313,1.05269580807567,1.04895792375927,1.04555638591514,1.04245047261327,1.03960569408806,1.03699271064878,1.03458644912012
female,99,1.16519627242736,1.14592263580961,1.12957515964159,1.11564395468745,1.10371309987701,1.09344295778857,1.08455584469481,1.07682441687492,1.07006225650393,1.06411623885649,1.05886034222747,1.05419062645328,1.05002115810912,1.04628070270371,1.0429100383882,1.03985977337669,1.03708857168219,1.03456170991102,1.0322499025424,1.03012834500788,1.02817593350994
female,100,1.15334194709386,1.13532283902168,1.12003712034619,1.10700990033861,1.09585360817337,1.08625158117956,1.07794476409278,1.07072092755673,1.06440592684445,1.05885661300527,1.05395508248979,1.04960401107824,1.04572286631999,1.04224483185516,1.03911430869095,1.0362848841677,1.03371768012412,1.03138000858882,1.02924427694099,1.02728709550648,1.02548854948075
female,101,1.13762484896517,1.12131138389737,1.10748407365501,1.09571025451821,1.08563685701732,1.07697544443399,1.06949008745621,1.06298753551586,1.05730924809892,1.05232493249422,1.04792730176844,1.04402782124773,1.04055325589385,1.03744286666622,1.03464613286226,1.0321209008236,1.02983187833479,1.0277494093733,1.0258484762823,1.02410788648746,1.02250960901556
female,102,1.12465075739427,1.10977446385642,1.09717346419521,1.08645127432768,1.07728437648202,1.06940850226015,1.06260751597937,1.05670440368745,1.05155396746053,1.04703690085169,1.04305498308057,1.03952717951554,1.03638647643862,1.03357731081814,1.03105348231109,1.02877645616685,1.026713983068,1.02483897600086,1.02312859562908,1.02156350485724,1.02012726073163
female,103,1.11380006277122,1.10014843591544,1.08859044647003,1.07876090956767,1.07036186557562,1.06314994153793,1.0569261085037,1.05152737901308,1.04682007582324,1.04269437321936,1.03905986912776,1.03584199228112,1.0329790859469,1.03042003989074,1.02812236666171,1.02605063804924,1.02417521356148,1.02247120572622,1.020917637502,1.01949675557637,1.01819347020222
female,104,1.10465160529503,1.09204900775324,1.08138302407326,1.07231561847374,1.06457099527271,1.05792389698501,1.05219012076252,1.04721883122025,1.04288632806832,1.03909099202644,1.03574918515451,1.03279192435515,1.03016218130326,1.02781268998402,1.025704165626,1.02380385711516,1.02208436978901,1.02052270750268,1.01909949256738,1.0177983300226,1.01660528906741
female,105,1.09690176051398,1.08519933222231,1.07529779589261,1.06688264663938,1.05969729523726,1.05353217892585,1.04821593649956,1.04360825502982,1.03959407036188,1.03607886406648,1.03298484852728,1.03024787150636,1.02781490363406,1.02564199825593,1.02369263410515,1.02193636829669,1.02034774092483,1.01890538370458,1.01759129413276,1.01639024395866,1.01528929667716
female,106,1.09655011873998,1.08486611066461,1.07498202492202,1.06658341453199,1.05941374294105,1.05326349561138,1.0479613557475,1.04336705153701,1.03936555707058,1.03586238964038,1.03277979511259,1.03005365272855,1.02763096279048,1.02546780667228,1.02352768962991,1.02178019391302,1.02019988346296,1.0187654126413,1.01745880046696,1.01626483915411,1.01517061166522
female,107,1.09630415298911,1.08463261725365,1.07476039916398,1.06637308128276,1.05921415460315,1.05307413041532,1.04778171625481,1.04319666332068,1.03920396753775,1.03570916696968,1.03263452728433,1.02991594663065,1.02750044338675,1.02534411622261,1.02341048695429,1.02166915369296,1.02009469557546,1.0186657815217,1.01736444449761,1.0161754900767,1.01508601401495
female,108,1.09613444456476,1.08447117225342,1.07460685805854,1.06622709700662,1.05907539227165,1.05294226706963,1.04765644062305,1.04307767558653,1.03909097911068,1.03560190025281,1.0325327154374,1.02981933332676,1.02740878256232,1.02525717182067,1.02332803266156,1.02159097267147,1.02002058018981,1.0185955330628,1.01729787290421,1.01611241365564,1.01502625916138
female,109,1.09601966334606,1.08436167184296,1.07450244553617,1.06612758135716,1.05898058502991,1.05285198286888,1.04757049765659,1.04299589599132,1.03901318928125,1.03552793109296,1.03246240255674,1.02975251718835,1.02734530858722,1.02519689045458,1.02327079940833,1.02153664809782,1.01996902990496,1.01854662767668,1.01725148796719,1.01606842958269,1.01498456114307
female,110,1,1,1,1,1,1,1,1,1,1,1,1,1,1,1,1,1,1,1,1,1
